Country,Vessel,Cruise,Log,Year,Month,Day,Hour,Min,AcLat,AcLon,Logint,Frequency,Sv_threshold,Process_ID,Interval
NL,PBVO,HERAS2014,1.5,2014,6,30,18,31,58.351,-2.592,0.5,38000,-70,,1.5
NL,PBVO,HERAS2015,2,2014,6,30,18,34,58.35,-2.577,0.5,38000,-70,,2
NL,PBVO,HERAS2016,2.5,2014,6,30,18,37,58.35,-2.561,0.5,38000,-70,,2.5
NL,PBVO,HERAS2017,3,2014,6,30,18,40,58.35,-2.545,0.5,38000,-70,,3
NL,PBVO,HERAS2018,3.5,2014,6,30,18,43,58.35,-2.53,0.5,38000,-70,,3.5
NL,PBVO,HERAS2019,4,2014,6,30,18,46,58.35,-2.514,0.5,38000,-70,,4
NL,PBVO,HERAS2020,4.5,2014,6,30,18,48,58.35,-2.499,0.5,38000,-70,,4.5
NL,PBVO,HERAS2021,5,2014,6,30,18,51,58.35,-2.483,0.5,38000,-70,,5
NL,PBVO,HERAS2022,5.5,2014,6,30,18,54,58.35,-2.467,0.5,38000,-70,,5.5
NL,PBVO,HERAS2023,6,2014,6,30,18,57,58.35,-2.452,0.5,38000,-70,,6
NL,PBVO,HERAS2024,6.5,2014,6,30,19,0,58.349,-2.436,0.5,38000,-70,,6.5
NL,PBVO,HERAS2025,7,2014,6,30,19,3,58.349,-2.42,0.5,38000,-70,,7
NL,PBVO,HERAS2026,7.5,2014,6,30,19,6,58.349,-2.405,0.5,38000,-70,,7.5
NL,PBVO,HERAS2027,8,2014,6,30,19,8,58.349,-2.389,0.5,38000,-70,,8
NL,PBVO,HERAS2028,8.5,2014,6,30,19,11,58.35,-2.373,0.5,38000,-70,,8.5
NL,PBVO,HERAS2029,9,2014,6,30,19,14,58.35,-2.358,0.5,38000,-70,,9
NL,PBVO,HERAS2030,9.5,2014,6,30,19,17,58.35,-2.342,0.5,38000,-70,,9.5
NL,PBVO,HERAS2031,10,2014,6,30,19,20,58.35,-2.326,0.5,38000,-70,,10
NL,PBVO,HERAS2032,10.5,2014,6,30,19,23,58.35,-2.311,0.5,38000,-70,,10.5
NL,PBVO,HERAS2033,11,2014,6,30,19,26,58.35,-2.295,0.5,38000,-70,,11
NL,PBVO,HERAS2034,11.5,2014,6,30,19,29,58.35,-2.279,0.5,38000,-70,,11.5
NL,PBVO,HERAS2035,12,2014,6,30,19,31,58.35,-2.264,0.5,38000,-70,,12
NL,PBVO,HERAS2036,12.5,2014,6,30,19,34,58.35,-2.248,0.5,38000,-70,,12.5
NL,PBVO,HERAS2037,13,2014,6,30,19,37,58.35,-2.232,0.5,38000,-70,,13
NL,PBVO,HERAS2038,13.5,2014,6,30,19,40,58.35,-2.216,0.5,38000,-70,,13.5
NL,PBVO,HERAS2039,14,2014,6,30,19,43,58.35,-2.201,0.5,38000,-70,,14
NL,PBVO,HERAS2040,14.5,2014,6,30,19,46,58.35,-2.185,0.5,38000,-70,,14.5
NL,PBVO,HERAS2041,15,2014,6,30,19,49,58.35,-2.169,0.5,38000,-70,,15
NL,PBVO,HERAS2042,15.5,2014,6,30,19,51,58.349,-2.154,0.5,38000,-70,,15.5
NL,PBVO,HERAS2043,16,2014,6,30,19,54,58.349,-2.138,0.5,38000,-70,,16
NL,PBVO,HERAS2044,16.5,2014,6,30,19,57,58.349,-2.122,0.5,38000,-70,,16.5
NL,PBVO,HERAS2045,17,2014,6,30,20,0,58.349,-2.106,0.5,38000,-70,,17
NL,PBVO,HERAS2046,17.5,2014,6,30,20,3,58.348,-2.09,0.5,38000,-70,,17.5
NL,PBVO,HERAS2047,18,2014,6,30,20,6,58.348,-2.074,0.5,38000,-70,,18
NL,PBVO,HERAS2048,18.5,2014,6,30,20,8,58.348,-2.059,0.5,38000,-70,,18.5
NL,PBVO,HERAS2049,19,2014,6,30,20,11,58.348,-2.043,0.5,38000,-70,,19
NL,PBVO,HERAS2050,19.5,2014,6,30,20,14,58.349,-2.027,0.5,38000,-70,,19.5
NL,PBVO,HERAS2051,20,2014,6,30,20,17,58.349,-2.011,0.5,38000,-70,,20
NL,PBVO,HERAS2052,20.5,2014,6,30,20,20,58.349,-1.995,0.5,38000,-70,,20.5
NL,PBVO,HERAS2053,21,2014,6,30,20,23,58.349,-1.98,0.5,38000,-70,,21
NL,PBVO,HERAS2054,21.5,2014,6,30,20,25,58.349,-1.964,0.5,38000,-70,,21.5
NL,PBVO,HERAS2055,22,2014,6,30,20,28,58.35,-1.948,0.5,38000,-70,,22
NL,PBVO,HERAS2056,22.5,2014,6,30,20,31,58.35,-1.933,0.5,38000,-70,,22.5
NL,PBVO,HERAS2057,23,2014,6,30,20,34,58.35,-1.917,0.5,38000,-70,,23
NL,PBVO,HERAS2058,23.5,2014,6,30,20,37,58.35,-1.901,0.5,38000,-70,,23.5
NL,PBVO,HERAS2059,24,2014,6,30,20,40,58.35,-1.885,0.5,38000,-70,,24
NL,PBVO,HERAS2060,24.5,2014,6,30,20,43,58.35,-1.87,0.5,38000,-70,,24.5
NL,PBVO,HERAS2061,25,2014,6,30,20,46,58.35,-1.854,0.5,38000,-70,,25
NL,PBVO,HERAS2062,25.5,2014,6,30,20,48,58.349,-1.838,0.5,38000,-70,,25.5
NL,PBVO,HERAS2063,26,2014,6,30,20,51,58.349,-1.823,0.5,38000,-70,,26
NL,PBVO,HERAS2064,26.5,2014,6,30,20,54,58.35,-1.807,0.5,38000,-70,,26.5
NL,PBVO,HERAS2065,27,2014,6,30,20,57,58.35,-1.791,0.5,38000,-70,,27
NL,PBVO,HERAS2066,27.5,2014,6,30,21,0,58.35,-1.776,0.5,38000,-70,,27.5
NL,PBVO,HERAS2067,28,2014,6,30,21,3,58.35,-1.76,0.5,38000,-70,,28
NL,PBVO,HERAS2068,28.5,2014,6,30,21,6,58.35,-1.744,0.5,38000,-70,,28.5
NL,PBVO,HERAS2069,29,2014,6,30,21,9,58.35,-1.728,0.5,38000,-70,,29
NL,PBVO,HERAS2070,29.5,2014,6,30,21,12,58.35,-1.712,0.5,38000,-70,,29.5
NL,PBVO,HERAS2071,30,2014,6,30,21,14,58.35,-1.697,0.5,38000,-70,,30
NL,PBVO,HERAS2072,30.5,2014,6,30,21,17,58.35,-1.681,0.5,38000,-70,,30.5
NL,PBVO,HERAS2073,31,2014,6,30,21,20,58.35,-1.665,0.5,38000,-70,,31
NL,PBVO,HERAS2074,31.5,2014,6,30,21,23,58.349,-1.649,0.5,38000,-70,,31.5
NL,PBVO,HERAS2075,32,2014,6,30,21,26,58.349,-1.633,0.5,38000,-70,,32
NL,PBVO,HERAS2076,32.5,2014,6,30,21,29,58.349,-1.618,0.5,38000,-70,,32.5
NL,PBVO,HERAS2077,33,2014,6,30,21,32,58.349,-1.602,0.5,38000,-70,,33
NL,PBVO,HERAS2078,33.5,2014,6,30,21,35,58.349,-1.586,0.5,38000,-70,,33.5
NL,PBVO,HERAS2079,34,2014,6,30,21,38,58.349,-1.57,0.5,38000,-70,,34
NL,PBVO,HERAS2080,34.5,2014,6,30,21,41,58.349,-1.555,0.5,38000,-70,,34.5
NL,PBVO,HERAS2081,35,2014,6,30,21,44,58.349,-1.539,0.5,38000,-70,,35
NL,PBVO,HERAS2082,35.5,2014,6,30,21,47,58.349,-1.523,0.5,38000,-70,,35.5
NL,PBVO,HERAS2083,36,2014,6,30,21,49,58.349,-1.507,0.5,38000,-70,,36
NL,PBVO,HERAS2084,36.5,2014,6,30,21,52,58.349,-1.492,0.5,38000,-70,,36.5
NL,PBVO,HERAS2085,37,2014,6,30,21,55,58.349,-1.476,0.5,38000,-70,,37
NL,PBVO,HERAS2086,43.5,2014,7,1,2,3,58.354,-1.459,0.5,38000,-70,,43.5
NL,PBVO,HERAS2087,44,2014,7,1,2,7,58.353,-1.443,0.5,38000,-70,,44
NL,PBVO,HERAS2088,44.5,2014,7,1,2,10,58.353,-1.428,0.5,38000,-70,,44.5
NL,PBVO,HERAS2089,45,2014,7,1,2,13,58.353,-1.412,0.5,38000,-70,,45
NL,PBVO,HERAS2090,45.5,2014,7,1,2,16,58.353,-1.396,0.5,38000,-70,,45.5
NL,PBVO,HERAS2091,46,2014,7,1,2,19,58.352,-1.38,0.5,38000,-70,,46
NL,PBVO,HERAS2092,46.5,2014,7,1,2,22,58.352,-1.364,0.5,38000,-70,,46.5
NL,PBVO,HERAS2093,47,2014,7,1,2,25,58.351,-1.349,0.5,38000,-70,,47
NL,PBVO,HERAS2094,47.5,2014,7,1,2,28,58.351,-1.333,0.5,38000,-70,,47.5
NL,PBVO,HERAS2095,48,2014,7,1,2,31,58.351,-1.317,0.5,38000,-70,,48
NL,PBVO,HERAS2096,48.5,2014,7,1,2,34,58.351,-1.301,0.5,38000,-70,,48.5
NL,PBVO,HERAS2097,49,2014,7,1,2,37,58.351,-1.286,0.5,38000,-70,,49
NL,PBVO,HERAS2098,49.5,2014,7,1,2,40,58.351,-1.27,0.5,38000,-70,,49.5
NL,PBVO,HERAS2099,50,2014,7,1,2,43,58.351,-1.254,0.5,38000,-70,,50
NL,PBVO,HERAS2100,50.5,2014,7,1,2,46,58.351,-1.238,0.5,38000,-70,,50.5
NL,PBVO,HERAS2101,51,2014,7,1,2,49,58.351,-1.223,0.5,38000,-70,,51
NL,PBVO,HERAS2102,51.5,2014,7,1,2,52,58.351,-1.207,0.5,38000,-70,,51.5
NL,PBVO,HERAS2103,52,2014,7,1,2,55,58.351,-1.191,0.5,38000,-70,,52
NL,PBVO,HERAS2104,52.5,2014,7,1,2,58,58.351,-1.175,0.5,38000,-70,,52.5
NL,PBVO,HERAS2105,53,2014,7,1,3,1,58.351,-1.16,0.5,38000,-70,,53
NL,PBVO,HERAS2106,53.5,2014,7,1,3,4,58.351,-1.144,0.5,38000,-70,,53.5
NL,PBVO,HERAS2107,54,2014,7,1,3,7,58.351,-1.128,0.5,38000,-70,,54
NL,PBVO,HERAS2108,54.5,2014,7,1,3,10,58.351,-1.113,0.5,38000,-70,,54.5
NL,PBVO,HERAS2109,55,2014,7,1,3,13,58.351,-1.097,0.5,38000,-70,,55
NL,PBVO,HERAS2110,55.5,2014,7,1,3,16,58.352,-1.081,0.5,38000,-70,,55.5
NL,PBVO,HERAS2111,56,2014,7,1,3,19,58.352,-1.065,0.5,38000,-70,,56
NL,PBVO,HERAS2112,56.5,2014,7,1,3,22,58.352,-1.05,0.5,38000,-70,,56.5
NL,PBVO,HERAS2113,57,2014,7,1,3,25,58.352,-1.034,0.5,38000,-70,,57
NL,PBVO,HERAS2114,57.5,2014,7,1,3,28,58.352,-1.018,0.5,38000,-70,,57.5
NL,PBVO,HERAS2115,58,2014,7,1,3,31,58.352,-1.003,0.5,38000,-70,,58
NL,PBVO,HERAS2116,58.5,2014,7,1,3,34,58.352,-0.987,0.5,38000,-70,,58.5
NL,PBVO,HERAS2117,59,2014,7,1,3,37,58.352,-0.971,0.5,38000,-70,,59
NL,PBVO,HERAS2118,59.5,2014,7,1,3,40,58.352,-0.955,0.5,38000,-70,,59.5
NL,PBVO,HERAS2119,60,2014,7,1,3,43,58.352,-0.939,0.5,38000,-70,,60
NL,PBVO,HERAS2120,60.5,2014,7,1,3,46,58.352,-0.924,0.5,38000,-70,,60.5
NL,PBVO,HERAS2121,61,2014,7,1,3,49,58.351,-0.908,0.5,38000,-70,,61
NL,PBVO,HERAS2122,61.5,2014,7,1,3,52,58.352,-0.892,0.5,38000,-70,,61.5
NL,PBVO,HERAS2123,62,2014,7,1,3,55,58.352,-0.876,0.5,38000,-70,,62
NL,PBVO,HERAS2124,62.5,2014,7,1,3,58,58.352,-0.861,0.5,38000,-70,,62.5
NL,PBVO,HERAS2125,63,2014,7,1,4,1,58.352,-0.845,0.5,38000,-70,,63
NL,PBVO,HERAS2126,63.5,2014,7,1,4,4,58.352,-0.829,0.5,38000,-70,,63.5
NL,PBVO,HERAS2127,64,2014,7,1,4,7,58.352,-0.813,0.5,38000,-70,,64
NL,PBVO,HERAS2128,64.5,2014,7,1,4,9,58.352,-0.797,0.5,38000,-70,,64.5
NL,PBVO,HERAS2129,65,2014,7,1,4,12,58.352,-0.782,0.5,38000,-70,,65
NL,PBVO,HERAS2130,65.5,2014,7,1,4,15,58.352,-0.766,0.5,38000,-70,,65.5
NL,PBVO,HERAS2131,66,2014,7,1,4,18,58.352,-0.75,0.5,38000,-70,,66
NL,PBVO,HERAS2132,66.5,2014,7,1,4,21,58.351,-0.734,0.5,38000,-70,,66.5
NL,PBVO,HERAS2133,67,2014,7,1,4,24,58.351,-0.718,0.5,38000,-70,,67
NL,PBVO,HERAS2134,67.5,2014,7,1,4,27,58.351,-0.702,0.5,38000,-70,,67.5
NL,PBVO,HERAS2135,68,2014,7,1,4,30,58.35,-0.686,0.5,38000,-70,,68
NL,PBVO,HERAS2136,68.5,2014,7,1,4,33,58.35,-0.67,0.5,38000,-70,,68.5
NL,PBVO,HERAS2137,69,2014,7,1,4,36,58.35,-0.654,0.5,38000,-70,,69
NL,PBVO,HERAS2138,69.5,2014,7,1,4,38,58.35,-0.638,0.5,38000,-70,,69.5
NL,PBVO,HERAS2139,70,2014,7,1,4,41,58.35,-0.623,0.5,38000,-70,,70
NL,PBVO,HERAS2140,70.5,2014,7,1,4,44,58.35,-0.607,0.5,38000,-70,,70.5
NL,PBVO,HERAS2141,71,2014,7,1,4,47,58.35,-0.591,0.5,38000,-70,,71
NL,PBVO,HERAS2142,71.5,2014,7,1,4,50,58.35,-0.575,0.5,38000,-70,,71.5
NL,PBVO,HERAS2143,72,2014,7,1,4,53,58.35,-0.559,0.5,38000,-70,,72
NL,PBVO,HERAS2144,72.5,2014,7,1,4,56,58.35,-0.543,0.5,38000,-70,,72.5
NL,PBVO,HERAS2145,73,2014,7,1,4,59,58.35,-0.528,0.5,38000,-70,,73
NL,PBVO,HERAS2146,74.5,2014,7,1,5,17,58.35,-0.484,0.5,38000,-70,,74.5
NL,PBVO,HERAS2147,75,2014,7,1,5,20,58.35,-0.468,0.5,38000,-70,,75
NL,PBVO,HERAS2148,75.5,2014,7,1,5,22,58.35,-0.452,0.5,38000,-70,,75.5
NL,PBVO,HERAS2149,76,2014,7,1,5,25,58.35,-0.436,0.5,38000,-70,,76
NL,PBVO,HERAS2150,76.5,2014,7,1,5,28,58.351,-0.421,0.5,38000,-70,,76.5
NL,PBVO,HERAS2151,87,2014,7,1,8,5,58.348,-0.404,0.5,38000,-70,,87
NL,PBVO,HERAS2152,87.5,2014,7,1,8,8,58.35,-0.39,0.5,38000,-70,,87.5
NL,PBVO,HERAS2153,88,2014,7,1,8,11,58.35,-0.374,0.5,38000,-70,,88
NL,PBVO,HERAS2154,88.5,2014,7,1,8,14,58.35,-0.359,0.5,38000,-70,,88.5
NL,PBVO,HERAS2155,89,2014,7,1,8,17,58.35,-0.343,0.5,38000,-70,,89
NL,PBVO,HERAS2156,89.5,2014,7,1,8,20,58.35,-0.327,0.5,38000,-70,,89.5
NL,PBVO,HERAS2157,90,2014,7,1,8,23,58.35,-0.311,0.5,38000,-70,,90
NL,PBVO,HERAS2158,90.5,2014,7,1,8,26,58.35,-0.296,0.5,38000,-70,,90.5
NL,PBVO,HERAS2159,91,2014,7,1,8,29,58.35,-0.28,0.5,38000,-70,,91
NL,PBVO,HERAS2160,91.5,2014,7,1,8,32,58.35,-0.264,0.5,38000,-70,,91.5
NL,PBVO,HERAS2161,92,2014,7,1,8,35,58.35,-0.248,0.5,38000,-70,,92
NL,PBVO,HERAS2162,92.5,2014,7,1,8,38,58.35,-0.233,0.5,38000,-70,,92.5
NL,PBVO,HERAS2163,93,2014,7,1,8,40,58.35,-0.217,0.5,38000,-70,,93
NL,PBVO,HERAS2164,93.5,2014,7,1,8,43,58.35,-0.201,0.5,38000,-70,,93.5
NL,PBVO,HERAS2165,94,2014,7,1,8,46,58.35,-0.185,0.5,38000,-70,,94
NL,PBVO,HERAS2166,94.5,2014,7,1,8,49,58.35,-0.17,0.5,38000,-70,,94.5
NL,PBVO,HERAS2167,95,2014,7,1,8,52,58.35,-0.154,0.5,38000,-70,,95
NL,PBVO,HERAS2168,95.5,2014,7,1,8,55,58.35,-0.138,0.5,38000,-70,,95.5
NL,PBVO,HERAS2169,96,2014,7,1,8,58,58.35,-0.123,0.5,38000,-70,,96
NL,PBVO,HERAS2170,96.5,2014,7,1,9,1,58.35,-0.107,0.5,38000,-70,,96.5
NL,PBVO,HERAS2171,97,2014,7,1,9,3,58.35,-0.091,0.5,38000,-70,,97
NL,PBVO,HERAS2172,97.5,2014,7,1,9,6,58.35,-0.076,0.5,38000,-70,,97.5
NL,PBVO,HERAS2173,98,2014,7,1,9,9,58.35,-0.06,0.5,38000,-70,,98
NL,PBVO,HERAS2174,98.5,2014,7,1,9,12,58.35,-0.044,0.5,38000,-70,,98.5
NL,PBVO,HERAS2175,99,2014,7,1,9,15,58.35,-0.029,0.5,38000,-70,,99
NL,PBVO,HERAS2176,99.5,2014,7,1,9,18,58.35,-0.013,0.5,38000,-70,,99.5
NL,PBVO,HERAS2177,100,2014,7,1,9,21,58.35,0.003,0.5,38000,-70,,100
NL,PBVO,HERAS2178,100.5,2014,7,1,9,23,58.35,0.019,0.5,38000,-70,,100.5
NL,PBVO,HERAS2179,101,2014,7,1,9,26,58.35,0.034,0.5,38000,-70,,101
NL,PBVO,HERAS2180,101.5,2014,7,1,9,29,58.35,0.05,0.5,38000,-70,,101.5
NL,PBVO,HERAS2181,102,2014,7,1,9,32,58.35,0.066,0.5,38000,-70,,102
NL,PBVO,HERAS2182,102.5,2014,7,1,9,35,58.35,0.082,0.5,38000,-70,,102.5
NL,PBVO,HERAS2183,103,2014,7,1,9,38,58.35,0.097,0.5,38000,-70,,103
NL,PBVO,HERAS2184,103.5,2014,7,1,9,41,58.35,0.113,0.5,38000,-70,,103.5
NL,PBVO,HERAS2185,104,2014,7,1,9,44,58.35,0.129,0.5,38000,-70,,104
NL,PBVO,HERAS2186,104.5,2014,7,1,9,47,58.35,0.144,0.5,38000,-70,,104.5
NL,PBVO,HERAS2187,105,2014,7,1,9,49,58.35,0.16,0.5,38000,-70,,105
NL,PBVO,HERAS2188,105.5,2014,7,1,9,52,58.35,0.176,0.5,38000,-70,,105.5
NL,PBVO,HERAS2189,106,2014,7,1,9,55,58.35,0.191,0.5,38000,-70,,106
NL,PBVO,HERAS2190,106.5,2014,7,1,9,58,58.35,0.207,0.5,38000,-70,,106.5
NL,PBVO,HERAS2191,107,2014,7,1,10,1,58.35,0.223,0.5,38000,-70,,107
NL,PBVO,HERAS2192,107.5,2014,7,1,10,4,58.349,0.238,0.5,38000,-70,,107.5
NL,PBVO,HERAS2193,108,2014,7,1,10,7,58.349,0.254,0.5,38000,-70,,108
NL,PBVO,HERAS2194,108.5,2014,7,1,10,10,58.349,0.27,0.5,38000,-70,,108.5
NL,PBVO,HERAS2195,109,2014,7,1,10,12,58.349,0.286,0.5,38000,-70,,109
NL,PBVO,HERAS2196,109.5,2014,7,1,10,15,58.348,0.301,0.5,38000,-70,,109.5
NL,PBVO,HERAS2197,110,2014,7,1,10,18,58.348,0.317,0.5,38000,-70,,110
NL,PBVO,HERAS2198,110.5,2014,7,1,10,21,58.348,0.333,0.5,38000,-70,,110.5
NL,PBVO,HERAS2199,111,2014,7,1,10,24,58.348,0.348,0.5,38000,-70,,111
NL,PBVO,HERAS2200,111.5,2014,7,1,10,27,58.347,0.364,0.5,38000,-70,,111.5
NL,PBVO,HERAS2201,112,2014,7,1,10,30,58.347,0.38,0.5,38000,-70,,112
NL,PBVO,HERAS2202,112.5,2014,7,1,10,33,58.347,0.395,0.5,38000,-70,,112.5
NL,PBVO,HERAS2203,113,2014,7,1,10,35,58.347,0.411,0.5,38000,-70,,113
NL,PBVO,HERAS2204,113.5,2014,7,1,10,38,58.347,0.427,0.5,38000,-70,,113.5
NL,PBVO,HERAS2205,114,2014,7,1,10,41,58.347,0.442,0.5,38000,-70,,114
NL,PBVO,HERAS2206,114.5,2014,7,1,10,44,58.348,0.458,0.5,38000,-70,,114.5
NL,PBVO,HERAS2207,115,2014,7,1,10,47,58.348,0.474,0.5,38000,-70,,115
NL,PBVO,HERAS2208,115.5,2014,7,1,10,50,58.349,0.489,0.5,38000,-70,,115.5
NL,PBVO,HERAS2209,116,2014,7,1,10,53,58.349,0.505,0.5,38000,-70,,116
NL,PBVO,HERAS2210,116.5,2014,7,1,10,56,58.349,0.521,0.5,38000,-70,,116.5
NL,PBVO,HERAS2211,117,2014,7,1,10,59,58.349,0.536,0.5,38000,-70,,117
NL,PBVO,HERAS2212,117.5,2014,7,1,11,1,58.349,0.552,0.5,38000,-70,,117.5
NL,PBVO,HERAS2213,118,2014,7,1,11,4,58.349,0.568,0.5,38000,-70,,118
NL,PBVO,HERAS2214,118.5,2014,7,1,11,7,58.349,0.583,0.5,38000,-70,,118.5
NL,PBVO,HERAS2215,119,2014,7,1,11,10,58.348,0.599,0.5,38000,-70,,119
NL,PBVO,HERAS2216,119.5,2014,7,1,11,13,58.348,0.615,0.5,38000,-70,,119.5
NL,PBVO,HERAS2217,120,2014,7,1,11,16,58.348,0.631,0.5,38000,-70,,120
NL,PBVO,HERAS2218,120.5,2014,7,1,11,19,58.348,0.646,0.5,38000,-70,,120.5
NL,PBVO,HERAS2219,121,2014,7,1,11,22,58.347,0.662,0.5,38000,-70,,121
NL,PBVO,HERAS2220,121.5,2014,7,1,11,25,58.347,0.677,0.5,38000,-70,,121.5
NL,PBVO,HERAS2221,122,2014,7,1,11,28,58.347,0.693,0.5,38000,-70,,122
NL,PBVO,HERAS2222,122.5,2014,7,1,11,30,58.347,0.709,0.5,38000,-70,,122.5
NL,PBVO,HERAS2223,123,2014,7,1,11,33,58.347,0.725,0.5,38000,-70,,123
NL,PBVO,HERAS2224,123.5,2014,7,1,11,36,58.346,0.74,0.5,38000,-70,,123.5
NL,PBVO,HERAS2225,124,2014,7,1,11,39,58.346,0.756,0.5,38000,-70,,124
NL,PBVO,HERAS2226,124.5,2014,7,1,11,42,58.345,0.772,0.5,38000,-70,,124.5
NL,PBVO,HERAS2227,125,2014,7,1,11,45,58.344,0.787,0.5,38000,-70,,125
NL,PBVO,HERAS2228,125.5,2014,7,1,11,48,58.344,0.803,0.5,38000,-70,,125.5
NL,PBVO,HERAS2229,133,2014,7,1,13,13,58.342,0.829,0.5,38000,-70,,133
NL,PBVO,HERAS2230,133.5,2014,7,1,13,16,58.342,0.844,0.5,38000,-70,,133.5
NL,PBVO,HERAS2231,134,2014,7,1,13,19,58.341,0.86,0.5,38000,-70,,134
NL,PBVO,HERAS2232,134.5,2014,7,1,13,22,58.342,0.876,0.5,38000,-70,,134.5
NL,PBVO,HERAS2233,135,2014,7,1,13,24,58.343,0.891,0.5,38000,-70,,135
NL,PBVO,HERAS2234,135.5,2014,7,1,13,27,58.344,0.907,0.5,38000,-70,,135.5
NL,PBVO,HERAS2235,136,2014,7,1,13,30,58.345,0.922,0.5,38000,-70,,136
NL,PBVO,HERAS2236,136.5,2014,7,1,13,33,58.346,0.938,0.5,38000,-70,,136.5
NL,PBVO,HERAS2237,137,2014,7,1,13,36,58.347,0.953,0.5,38000,-70,,137
NL,PBVO,HERAS2238,137.5,2014,7,1,13,39,58.347,0.969,0.5,38000,-70,,137.5
NL,PBVO,HERAS2239,138,2014,7,1,13,42,58.347,0.985,0.5,38000,-70,,138
NL,PBVO,HERAS2240,138.5,2014,7,1,13,45,58.347,1,0.5,38000,-70,,138.5
NL,PBVO,HERAS2241,139,2014,7,1,13,48,58.348,1.016,0.5,38000,-70,,139
NL,PBVO,HERAS2242,139.5,2014,7,1,13,51,58.348,1.031,0.5,38000,-70,,139.5
NL,PBVO,HERAS2243,140,2014,7,1,13,54,58.348,1.047,0.5,38000,-70,,140
NL,PBVO,HERAS2244,140.5,2014,7,1,13,57,58.348,1.063,0.5,38000,-70,,140.5
NL,PBVO,HERAS2245,141,2014,7,1,14,0,58.349,1.078,0.5,38000,-70,,141
NL,PBVO,HERAS2246,141.5,2014,7,1,14,3,58.349,1.094,0.5,38000,-70,,141.5
NL,PBVO,HERAS2247,142,2014,7,1,14,6,58.349,1.11,0.5,38000,-70,,142
NL,PBVO,HERAS2248,142.5,2014,7,1,14,9,58.35,1.125,0.5,38000,-70,,142.5
NL,PBVO,HERAS2249,143,2014,7,1,14,11,58.35,1.141,0.5,38000,-70,,143
NL,PBVO,HERAS2250,143.5,2014,7,1,14,14,58.35,1.156,0.5,38000,-70,,143.5
NL,PBVO,HERAS2251,144,2014,7,1,14,17,58.35,1.172,0.5,38000,-70,,144
NL,PBVO,HERAS2252,144.5,2014,7,1,14,20,58.35,1.188,0.5,38000,-70,,144.5
NL,PBVO,HERAS2253,145,2014,7,1,14,23,58.35,1.203,0.5,38000,-70,,145
NL,PBVO,HERAS2254,145.5,2014,7,1,14,26,58.35,1.219,0.5,38000,-70,,145.5
NL,PBVO,HERAS2255,146,2014,7,1,14,29,58.35,1.234,0.5,38000,-70,,146
NL,PBVO,HERAS2256,146.5,2014,7,1,14,32,58.35,1.25,0.5,38000,-70,,146.5
NL,PBVO,HERAS2257,147,2014,7,1,14,35,58.35,1.266,0.5,38000,-70,,147
NL,PBVO,HERAS2258,147.5,2014,7,1,14,38,58.35,1.281,0.5,38000,-70,,147.5
NL,PBVO,HERAS2259,148,2014,7,1,14,41,58.35,1.297,0.5,38000,-70,,148
NL,PBVO,HERAS2260,148.5,2014,7,1,14,44,58.35,1.312,0.5,38000,-70,,148.5
NL,PBVO,HERAS2261,149,2014,7,1,14,46,58.35,1.328,0.5,38000,-70,,149
NL,PBVO,HERAS2262,149.5,2014,7,1,14,49,58.349,1.344,0.5,38000,-70,,149.5
NL,PBVO,HERAS2263,150,2014,7,1,14,52,58.349,1.359,0.5,38000,-70,,150
NL,PBVO,HERAS2264,150.5,2014,7,1,14,55,58.349,1.375,0.5,38000,-70,,150.5
NL,PBVO,HERAS2265,151,2014,7,1,14,58,58.349,1.39,0.5,38000,-70,,151
NL,PBVO,HERAS2266,151.5,2014,7,1,15,1,58.349,1.406,0.5,38000,-70,,151.5
NL,PBVO,HERAS2267,152,2014,7,1,15,4,58.349,1.422,0.5,38000,-70,,152
NL,PBVO,HERAS2268,152.5,2014,7,1,15,7,58.349,1.437,0.5,38000,-70,,152.5
NL,PBVO,HERAS2269,153,2014,7,1,15,10,58.349,1.453,0.5,38000,-70,,153
NL,PBVO,HERAS2270,153.5,2014,7,1,15,13,58.35,1.468,0.5,38000,-70,,153.5
NL,PBVO,HERAS2271,154,2014,7,1,15,16,58.35,1.484,0.5,38000,-70,,154
NL,PBVO,HERAS2272,155.5,2014,7,1,15,51,58.357,1.524,0.5,38000,-70,,155.5
NL,PBVO,HERAS2273,156,2014,7,1,15,53,58.356,1.539,0.5,38000,-70,,156
NL,PBVO,HERAS2274,156.5,2014,7,1,15,57,58.355,1.554,0.5,38000,-70,,156.5
NL,PBVO,HERAS2275,157,2014,7,1,16,0,58.354,1.57,0.5,38000,-70,,157
NL,PBVO,HERAS2276,157.5,2014,7,1,16,3,58.352,1.585,0.5,38000,-70,,157.5
NL,PBVO,HERAS2277,158,2014,7,1,16,6,58.352,1.6,0.5,38000,-70,,158
NL,PBVO,HERAS2278,158.5,2014,7,1,16,9,58.352,1.616,0.5,38000,-70,,158.5
NL,PBVO,HERAS2279,159,2014,7,1,16,12,58.352,1.631,0.5,38000,-70,,159
NL,PBVO,HERAS2280,159.5,2014,7,1,16,15,58.352,1.647,0.5,38000,-70,,159.5
NL,PBVO,HERAS2281,160,2014,7,1,16,18,58.352,1.663,0.5,38000,-70,,160
NL,PBVO,HERAS2282,160.5,2014,7,1,16,21,58.352,1.678,0.5,38000,-70,,160.5
NL,PBVO,HERAS2283,161,2014,7,1,16,24,58.352,1.694,0.5,38000,-70,,161
NL,PBVO,HERAS2284,161.5,2014,7,1,16,27,58.352,1.709,0.5,38000,-70,,161.5
NL,PBVO,HERAS2285,162,2014,7,1,16,31,58.352,1.724,0.5,38000,-70,,162
NL,PBVO,HERAS2286,163.5,2014,7,1,16,50,58.359,1.762,0.5,38000,-70,,163.5
NL,PBVO,HERAS2287,164,2014,7,1,16,52,58.351,1.764,0.5,38000,-70,,164
NL,PBVO,HERAS2288,164.5,2014,7,1,16,55,58.343,1.761,0.5,38000,-70,,164.5
NL,PBVO,HERAS2289,165,2014,7,1,16,58,58.335,1.759,0.5,38000,-70,,165
NL,PBVO,HERAS2290,165.5,2014,7,1,17,1,58.327,1.757,0.5,38000,-70,,165.5
NL,PBVO,HERAS2291,166,2014,7,1,17,4,58.319,1.755,0.5,38000,-70,,166
NL,PBVO,HERAS2292,166.5,2014,7,1,17,7,58.311,1.754,0.5,38000,-70,,166.5
NL,PBVO,HERAS2293,167,2014,7,1,17,10,58.302,1.753,0.5,38000,-70,,167
NL,PBVO,HERAS2294,167.5,2014,7,1,17,13,58.294,1.753,0.5,38000,-70,,167.5
NL,PBVO,HERAS2295,168,2014,7,1,17,16,58.286,1.752,0.5,38000,-70,,168
NL,PBVO,HERAS2296,168.5,2014,7,1,17,18,58.278,1.751,0.5,38000,-70,,168.5
NL,PBVO,HERAS2297,169,2014,7,1,17,21,58.27,1.751,0.5,38000,-70,,169
NL,PBVO,HERAS2298,169.5,2014,7,1,17,24,58.261,1.751,0.5,38000,-70,,169.5
NL,PBVO,HERAS2299,170,2014,7,1,17,27,58.253,1.751,0.5,38000,-70,,170
NL,PBVO,HERAS2300,170.5,2014,7,1,17,30,58.245,1.751,0.5,38000,-70,,170.5
NL,PBVO,HERAS2301,171,2014,7,1,17,33,58.236,1.75,0.5,38000,-70,,171
NL,PBVO,HERAS2302,171.5,2014,7,1,17,36,58.228,1.75,0.5,38000,-70,,171.5
NL,PBVO,HERAS2303,172,2014,7,1,17,39,58.22,1.75,0.5,38000,-70,,172
NL,PBVO,HERAS2304,172.5,2014,7,1,17,41,58.212,1.749,0.5,38000,-70,,172.5
NL,PBVO,HERAS2305,173,2014,7,1,17,44,58.203,1.749,0.5,38000,-70,,173
NL,PBVO,HERAS2306,173.5,2014,7,1,17,47,58.195,1.748,0.5,38000,-70,,173.5
NL,PBVO,HERAS2307,174,2014,7,1,17,50,58.187,1.749,0.5,38000,-70,,174
NL,PBVO,HERAS2308,174.5,2014,7,1,17,53,58.179,1.75,0.5,38000,-70,,174.5
NL,PBVO,HERAS2309,175,2014,7,1,17,56,58.171,1.75,0.5,38000,-70,,175
NL,PBVO,HERAS2310,175.5,2014,7,1,17,59,58.163,1.752,0.5,38000,-70,,175.5
NL,PBVO,HERAS2311,176,2014,7,1,18,2,58.155,1.751,0.5,38000,-70,,176
NL,PBVO,HERAS2312,176.5,2014,7,1,18,6,58.151,1.738,0.5,38000,-70,,176.5
NL,PBVO,HERAS2313,177,2014,7,1,18,9,58.151,1.722,0.5,38000,-70,,177
NL,PBVO,HERAS2314,177.5,2014,7,1,18,12,58.151,1.706,0.5,38000,-70,,177.5
NL,PBVO,HERAS2315,178,2014,7,1,18,15,58.152,1.691,0.5,38000,-70,,178
NL,PBVO,HERAS2316,178.5,2014,7,1,18,18,58.152,1.675,0.5,38000,-70,,178.5
NL,PBVO,HERAS2317,179,2014,7,1,18,21,58.152,1.659,0.5,38000,-70,,179
NL,PBVO,HERAS2318,179.5,2014,7,1,18,24,58.152,1.643,0.5,38000,-70,,179.5
NL,PBVO,HERAS2319,180,2014,7,1,18,27,58.152,1.627,0.5,38000,-70,,180
NL,PBVO,HERAS2320,180.5,2014,7,1,18,30,58.152,1.612,0.5,38000,-70,,180.5
NL,PBVO,HERAS2321,181,2014,7,1,18,33,58.152,1.596,0.5,38000,-70,,181
NL,PBVO,HERAS2322,181.5,2014,7,1,18,35,58.152,1.58,0.5,38000,-70,,181.5
NL,PBVO,HERAS2323,182,2014,7,1,18,38,58.152,1.564,0.5,38000,-70,,182
NL,PBVO,HERAS2324,182.5,2014,7,1,18,41,58.152,1.549,0.5,38000,-70,,182.5
NL,PBVO,HERAS2325,183,2014,7,1,18,44,58.151,1.533,0.5,38000,-70,,183
NL,PBVO,HERAS2326,183.5,2014,7,1,18,47,58.151,1.517,0.5,38000,-70,,183.5
NL,PBVO,HERAS2327,184,2014,7,1,18,50,58.151,1.501,0.5,38000,-70,,184
NL,PBVO,HERAS2328,184.5,2014,7,1,18,53,58.151,1.486,0.5,38000,-70,,184.5
NL,PBVO,HERAS2329,185,2014,7,1,18,56,58.151,1.47,0.5,38000,-70,,185
NL,PBVO,HERAS2330,185.5,2014,7,1,18,59,58.151,1.454,0.5,38000,-70,,185.5
NL,PBVO,HERAS2331,186,2014,7,1,19,2,58.151,1.438,0.5,38000,-70,,186
NL,PBVO,HERAS2332,186.5,2014,7,1,19,5,58.151,1.423,0.5,38000,-70,,186.5
NL,PBVO,HERAS2333,187,2014,7,1,19,7,58.151,1.407,0.5,38000,-70,,187
NL,PBVO,HERAS2334,187.5,2014,7,1,19,10,58.151,1.391,0.5,38000,-70,,187.5
NL,PBVO,HERAS2335,188,2014,7,1,19,13,58.151,1.375,0.5,38000,-70,,188
NL,PBVO,HERAS2336,188.5,2014,7,1,19,16,58.151,1.36,0.5,38000,-70,,188.5
NL,PBVO,HERAS2337,189,2014,7,1,19,19,58.151,1.344,0.5,38000,-70,,189
NL,PBVO,HERAS2338,189.5,2014,7,1,19,22,58.151,1.328,0.5,38000,-70,,189.5
NL,PBVO,HERAS2339,190,2014,7,1,19,25,58.151,1.313,0.5,38000,-70,,190
NL,PBVO,HERAS2340,198.5,2014,7,1,21,4,58.152,1.299,0.5,38000,-70,,198.5
NL,PBVO,HERAS2341,199,2014,7,1,21,7,58.151,1.283,0.5,38000,-70,,199
NL,PBVO,HERAS2342,199.5,2014,7,1,21,10,58.151,1.268,0.5,38000,-70,,199.5
NL,PBVO,HERAS2343,200,2014,7,1,21,13,58.151,1.252,0.5,38000,-70,,200
NL,PBVO,HERAS2344,200.5,2014,7,1,21,16,58.151,1.236,0.5,38000,-70,,200.5
NL,PBVO,HERAS2345,201,2014,7,1,21,19,58.151,1.221,0.5,38000,-70,,201
NL,PBVO,HERAS2346,201.5,2014,7,1,21,21,58.151,1.205,0.5,38000,-70,,201.5
NL,PBVO,HERAS2347,202,2014,7,1,21,24,58.151,1.19,0.5,38000,-70,,202
NL,PBVO,HERAS2348,202.5,2014,7,1,21,27,58.15,1.174,0.5,38000,-70,,202.5
NL,PBVO,HERAS2349,203,2014,7,1,21,30,58.151,1.159,0.5,38000,-70,,203
NL,PBVO,HERAS2350,203.5,2014,7,1,21,33,58.151,1.143,0.5,38000,-70,,203.5
NL,PBVO,HERAS2351,204,2014,7,1,21,36,58.151,1.128,0.5,38000,-70,,204
NL,PBVO,HERAS2352,204.5,2014,7,1,21,39,58.151,1.112,0.5,38000,-70,,204.5
NL,PBVO,HERAS2353,205,2014,7,1,21,42,58.151,1.096,0.5,38000,-70,,205
NL,PBVO,HERAS2354,205.5,2014,7,1,21,45,58.151,1.081,0.5,38000,-70,,205.5
NL,PBVO,HERAS2355,206,2014,7,1,21,48,58.151,1.065,0.5,38000,-70,,206
NL,PBVO,HERAS2356,206.5,2014,7,1,21,50,58.152,1.05,0.5,38000,-70,,206.5
NL,PBVO,HERAS2357,207,2014,7,1,21,53,58.151,1.034,0.5,38000,-70,,207
NL,PBVO,HERAS2358,211,2014,7,2,1,58,58.151,1.004,0.5,38000,-70,,211
NL,PBVO,HERAS2359,211.5,2014,7,2,2,1,58.151,0.988,0.5,38000,-70,,211.5
NL,PBVO,HERAS2360,212,2014,7,2,2,4,58.151,0.972,0.5,38000,-70,,212
NL,PBVO,HERAS2361,212.5,2014,7,2,2,7,58.151,0.957,0.5,38000,-70,,212.5
NL,PBVO,HERAS2362,213,2014,7,2,2,10,58.151,0.941,0.5,38000,-70,,213
NL,PBVO,HERAS2363,213.5,2014,7,2,2,13,58.151,0.925,0.5,38000,-70,,213.5
NL,PBVO,HERAS2364,214,2014,7,2,2,15,58.151,0.91,0.5,38000,-70,,214
NL,PBVO,HERAS2365,214.5,2014,7,2,2,18,58.151,0.894,0.5,38000,-70,,214.5
NL,PBVO,HERAS2366,215,2014,7,2,2,21,58.151,0.878,0.5,38000,-70,,215
NL,PBVO,HERAS2367,215.5,2014,7,2,2,24,58.151,0.862,0.5,38000,-70,,215.5
NL,PBVO,HERAS2368,216,2014,7,2,2,27,58.151,0.847,0.5,38000,-70,,216
NL,PBVO,HERAS2369,216.5,2014,7,2,2,30,58.151,0.831,0.5,38000,-70,,216.5
NL,PBVO,HERAS2370,217,2014,7,2,2,32,58.151,0.815,0.5,38000,-70,,217
NL,PBVO,HERAS2371,217.5,2014,7,2,2,35,58.151,0.8,0.5,38000,-70,,217.5
NL,PBVO,HERAS2372,218,2014,7,2,2,38,58.151,0.784,0.5,38000,-70,,218
NL,PBVO,HERAS2373,218.5,2014,7,2,2,41,58.151,0.768,0.5,38000,-70,,218.5
NL,PBVO,HERAS2374,219,2014,7,2,2,44,58.151,0.753,0.5,38000,-70,,219
NL,PBVO,HERAS2375,219.5,2014,7,2,2,47,58.151,0.737,0.5,38000,-70,,219.5
NL,PBVO,HERAS2376,220,2014,7,2,2,49,58.151,0.721,0.5,38000,-70,,220
NL,PBVO,HERAS2377,220.5,2014,7,2,2,52,58.151,0.706,0.5,38000,-70,,220.5
NL,PBVO,HERAS2378,221,2014,7,2,2,55,58.151,0.69,0.5,38000,-70,,221
NL,PBVO,HERAS2379,221.5,2014,7,2,2,58,58.151,0.674,0.5,38000,-70,,221.5
NL,PBVO,HERAS2380,222,2014,7,2,3,1,58.151,0.659,0.5,38000,-70,,222
NL,PBVO,HERAS2381,222.5,2014,7,2,3,4,58.151,0.643,0.5,38000,-70,,222.5
NL,PBVO,HERAS2382,223,2014,7,2,3,7,58.151,0.627,0.5,38000,-70,,223
NL,PBVO,HERAS2383,223.5,2014,7,2,3,9,58.151,0.612,0.5,38000,-70,,223.5
NL,PBVO,HERAS2384,224,2014,7,2,3,12,58.151,0.596,0.5,38000,-70,,224
NL,PBVO,HERAS2385,224.5,2014,7,2,3,15,58.151,0.58,0.5,38000,-70,,224.5
NL,PBVO,HERAS2386,225,2014,7,2,3,18,58.151,0.565,0.5,38000,-70,,225
NL,PBVO,HERAS2387,225.5,2014,7,2,3,21,58.151,0.549,0.5,38000,-70,,225.5
NL,PBVO,HERAS2388,226,2014,7,2,3,24,58.151,0.533,0.5,38000,-70,,226
NL,PBVO,HERAS2389,227.5,2014,7,2,3,42,58.153,0.487,0.5,38000,-70,,227.5
NL,PBVO,HERAS2390,228,2014,7,2,3,45,58.152,0.472,0.5,38000,-70,,228
NL,PBVO,HERAS2391,228.5,2014,7,2,3,48,58.152,0.456,0.5,38000,-70,,228.5
NL,PBVO,HERAS2392,229,2014,7,2,3,51,58.152,0.44,0.5,38000,-70,,229
NL,PBVO,HERAS2393,229.5,2014,7,2,3,54,58.151,0.424,0.5,38000,-70,,229.5
NL,PBVO,HERAS2394,230,2014,7,2,3,57,58.151,0.409,0.5,38000,-70,,230
NL,PBVO,HERAS2395,230.5,2014,7,2,3,59,58.151,0.393,0.5,38000,-70,,230.5
NL,PBVO,HERAS2396,231,2014,7,2,4,2,58.151,0.377,0.5,38000,-70,,231
NL,PBVO,HERAS2397,231.5,2014,7,2,4,5,58.151,0.362,0.5,38000,-70,,231.5
NL,PBVO,HERAS2398,232,2014,7,2,4,8,58.151,0.346,0.5,38000,-70,,232
NL,PBVO,HERAS2399,232.5,2014,7,2,4,11,58.151,0.33,0.5,38000,-70,,232.5
NL,PBVO,HERAS2400,233,2014,7,2,4,14,58.15,0.315,0.5,38000,-70,,233
NL,PBVO,HERAS2401,233.5,2014,7,2,4,17,58.15,0.299,0.5,38000,-70,,233.5
NL,PBVO,HERAS2402,234,2014,7,2,4,20,58.15,0.283,0.5,38000,-70,,234
NL,PBVO,HERAS2403,234.5,2014,7,2,4,23,58.15,0.267,0.5,38000,-70,,234.5
NL,PBVO,HERAS2404,235,2014,7,2,4,26,58.15,0.252,0.5,38000,-70,,235
NL,PBVO,HERAS2405,235.5,2014,7,2,4,29,58.151,0.236,0.5,38000,-70,,235.5
NL,PBVO,HERAS2406,236,2014,7,2,4,32,58.151,0.22,0.5,38000,-70,,236
NL,PBVO,HERAS2407,236.5,2014,7,2,4,35,58.151,0.205,0.5,38000,-70,,236.5
NL,PBVO,HERAS2408,237,2014,7,2,4,37,58.151,0.189,0.5,38000,-70,,237
NL,PBVO,HERAS2409,237.5,2014,7,2,4,40,58.151,0.173,0.5,38000,-70,,237.5
NL,PBVO,HERAS2410,238,2014,7,2,4,43,58.151,0.157,0.5,38000,-70,,238
NL,PBVO,HERAS2411,238.5,2014,7,2,4,46,58.151,0.142,0.5,38000,-70,,238.5
NL,PBVO,HERAS2412,239,2014,7,2,4,49,58.151,0.126,0.5,38000,-70,,239
NL,PBVO,HERAS2413,239.5,2014,7,2,4,52,58.151,0.111,0.5,38000,-70,,239.5
NL,PBVO,HERAS2414,240,2014,7,2,4,55,58.151,0.095,0.5,38000,-70,,240
NL,PBVO,HERAS2415,240.5,2014,7,2,4,58,58.151,0.079,0.5,38000,-70,,240.5
NL,PBVO,HERAS2416,241,2014,7,2,5,1,58.151,0.063,0.5,38000,-70,,241
NL,PBVO,HERAS2417,241.5,2014,7,2,5,4,58.152,0.048,0.5,38000,-70,,241.5
NL,PBVO,HERAS2418,242,2014,7,2,5,7,58.152,0.032,0.5,38000,-70,,242
NL,PBVO,HERAS2419,242.5,2014,7,2,5,9,58.152,0.016,0.5,38000,-70,,242.5
NL,PBVO,HERAS2420,243,2014,7,2,5,12,58.152,0,0.5,38000,-70,,243
NL,PBVO,HERAS2421,243.5,2014,7,2,5,15,58.152,-0.015,0.5,38000,-70,,243.5
NL,PBVO,HERAS2422,244,2014,7,2,5,18,58.152,-0.031,0.5,38000,-70,,244
NL,PBVO,HERAS2423,244.5,2014,7,2,5,23,58.152,-0.046,0.5,38000,-70,,244.5
NL,PBVO,HERAS2424,245,2014,7,2,5,27,58.152,-0.062,0.5,38000,-70,,245
NL,PBVO,HERAS2425,245.5,2014,7,2,5,31,58.152,-0.078,0.5,38000,-70,,245.5
NL,PBVO,HERAS2426,254.5,2014,7,2,7,29,58.153,-0.086,0.5,38000,-70,,254.5
NL,PBVO,HERAS2427,255,2014,7,2,7,32,58.152,-0.102,0.5,38000,-70,,255
NL,PBVO,HERAS2428,255.5,2014,7,2,7,35,58.152,-0.117,0.5,38000,-70,,255.5
NL,PBVO,HERAS2429,256,2014,7,2,7,38,58.152,-0.133,0.5,38000,-70,,256
NL,PBVO,HERAS2430,256.5,2014,7,2,7,41,58.152,-0.149,0.5,38000,-70,,256.5
NL,PBVO,HERAS2431,257,2014,7,2,7,44,58.152,-0.164,0.5,38000,-70,,257
NL,PBVO,HERAS2432,257.5,2014,7,2,7,46,58.152,-0.18,0.5,38000,-70,,257.5
NL,PBVO,HERAS2433,258,2014,7,2,7,49,58.152,-0.195,0.5,38000,-70,,258
NL,PBVO,HERAS2434,258.5,2014,7,2,7,52,58.152,-0.211,0.5,38000,-70,,258.5
NL,PBVO,HERAS2435,259,2014,7,2,7,55,58.152,-0.226,0.5,38000,-70,,259
NL,PBVO,HERAS2436,259.5,2014,7,2,7,58,58.152,-0.242,0.5,38000,-70,,259.5
NL,PBVO,HERAS2437,260,2014,7,2,8,1,58.151,-0.258,0.5,38000,-70,,260
NL,PBVO,HERAS2438,260.5,2014,7,2,8,4,58.151,-0.273,0.5,38000,-70,,260.5
NL,PBVO,HERAS2439,261,2014,7,2,8,6,58.151,-0.289,0.5,38000,-70,,261
NL,PBVO,HERAS2440,261.5,2014,7,2,8,9,58.151,-0.304,0.5,38000,-70,,261.5
NL,PBVO,HERAS2441,262,2014,7,2,8,12,58.151,-0.32,0.5,38000,-70,,262
NL,PBVO,HERAS2442,262.5,2014,7,2,8,15,58.151,-0.336,0.5,38000,-70,,262.5
NL,PBVO,HERAS2443,263,2014,7,2,8,18,58.151,-0.351,0.5,38000,-70,,263
NL,PBVO,HERAS2444,263.5,2014,7,2,8,21,58.151,-0.367,0.5,38000,-70,,263.5
NL,PBVO,HERAS2445,264,2014,7,2,8,24,58.152,-0.382,0.5,38000,-70,,264
NL,PBVO,HERAS2446,264.5,2014,7,2,8,27,58.152,-0.398,0.5,38000,-70,,264.5
NL,PBVO,HERAS2447,265,2014,7,2,8,30,58.152,-0.413,0.5,38000,-70,,265
NL,PBVO,HERAS2448,265.5,2014,7,2,8,33,58.152,-0.429,0.5,38000,-70,,265.5
NL,PBVO,HERAS2449,266,2014,7,2,8,35,58.152,-0.444,0.5,38000,-70,,266
NL,PBVO,HERAS2450,266.5,2014,7,2,8,38,58.152,-0.46,0.5,38000,-70,,266.5
NL,PBVO,HERAS2451,267,2014,7,2,8,41,58.152,-0.475,0.5,38000,-70,,267
NL,PBVO,HERAS2452,267.5,2014,7,2,8,44,58.152,-0.491,0.5,38000,-70,,267.5
NL,PBVO,HERAS2453,268,2014,7,2,8,47,58.152,-0.507,0.5,38000,-70,,268
NL,PBVO,HERAS2454,268.5,2014,7,2,8,50,58.152,-0.522,0.5,38000,-70,,268.5
NL,PBVO,HERAS2455,269,2014,7,2,8,53,58.152,-0.538,0.5,38000,-70,,269
NL,PBVO,HERAS2456,269.5,2014,7,2,8,56,58.152,-0.553,0.5,38000,-70,,269.5
NL,PBVO,HERAS2457,270,2014,7,2,8,59,58.152,-0.569,0.5,38000,-70,,270
NL,PBVO,HERAS2458,270.5,2014,7,2,9,2,58.152,-0.584,0.5,38000,-70,,270.5
NL,PBVO,HERAS2459,271,2014,7,2,9,5,58.152,-0.6,0.5,38000,-70,,271
NL,PBVO,HERAS2460,271.5,2014,7,2,9,8,58.152,-0.615,0.5,38000,-70,,271.5
NL,PBVO,HERAS2461,272,2014,7,2,9,10,58.152,-0.631,0.5,38000,-70,,272
NL,PBVO,HERAS2462,272.5,2014,7,2,9,13,58.152,-0.646,0.5,38000,-70,,272.5
NL,PBVO,HERAS2463,273,2014,7,2,9,16,58.152,-0.662,0.5,38000,-70,,273
NL,PBVO,HERAS2464,273.5,2014,7,2,9,19,58.152,-0.677,0.5,38000,-70,,273.5
NL,PBVO,HERAS2465,274,2014,7,2,9,22,58.152,-0.693,0.5,38000,-70,,274
NL,PBVO,HERAS2466,274.5,2014,7,2,9,25,58.152,-0.708,0.5,38000,-70,,274.5
NL,PBVO,HERAS2467,275,2014,7,2,9,28,58.152,-0.724,0.5,38000,-70,,275
NL,PBVO,HERAS2468,275.5,2014,7,2,9,31,58.152,-0.739,0.5,38000,-70,,275.5
NL,PBVO,HERAS2469,276,2014,7,2,9,34,58.151,-0.755,0.5,38000,-70,,276
NL,PBVO,HERAS2470,276.5,2014,7,2,9,37,58.151,-0.77,0.5,38000,-70,,276.5
NL,PBVO,HERAS2471,277,2014,7,2,9,39,58.151,-0.786,0.5,38000,-70,,277
NL,PBVO,HERAS2472,277.5,2014,7,2,9,42,58.151,-0.801,0.5,38000,-70,,277.5
NL,PBVO,HERAS2473,278,2014,7,2,9,45,58.151,-0.817,0.5,38000,-70,,278
NL,PBVO,HERAS2474,278.5,2014,7,2,9,48,58.151,-0.832,0.5,38000,-70,,278.5
NL,PBVO,HERAS2475,279,2014,7,2,9,51,58.151,-0.848,0.5,38000,-70,,279
NL,PBVO,HERAS2476,279.5,2014,7,2,9,54,58.15,-0.863,0.5,38000,-70,,279.5
NL,PBVO,HERAS2477,280,2014,7,2,9,57,58.15,-0.879,0.5,38000,-70,,280
NL,PBVO,HERAS2478,280.5,2014,7,2,10,0,58.15,-0.894,0.5,38000,-70,,280.5
NL,PBVO,HERAS2479,281,2014,7,2,10,3,58.15,-0.91,0.5,38000,-70,,281
NL,PBVO,HERAS2480,281.5,2014,7,2,10,6,58.15,-0.925,0.5,38000,-70,,281.5
NL,PBVO,HERAS2481,282,2014,7,2,10,9,58.15,-0.941,0.5,38000,-70,,282
NL,PBVO,HERAS2482,282.5,2014,7,2,10,12,58.15,-0.957,0.5,38000,-70,,282.5
NL,PBVO,HERAS2483,283,2014,7,2,10,14,58.15,-0.972,0.5,38000,-70,,283
NL,PBVO,HERAS2484,283.5,2014,7,2,10,17,58.15,-0.988,0.5,38000,-70,,283.5
NL,PBVO,HERAS2485,284,2014,7,2,10,20,58.15,-1.004,0.5,38000,-70,,284
NL,PBVO,HERAS2486,284.5,2014,7,2,10,23,58.15,-1.019,0.5,38000,-70,,284.5
NL,PBVO,HERAS2487,285,2014,7,2,10,26,58.15,-1.035,0.5,38000,-70,,285
NL,PBVO,HERAS2488,285.5,2014,7,2,10,29,58.15,-1.051,0.5,38000,-70,,285.5
NL,PBVO,HERAS2489,286,2014,7,2,10,31,58.15,-1.067,0.5,38000,-70,,286
NL,PBVO,HERAS2490,286.5,2014,7,2,10,34,58.15,-1.082,0.5,38000,-70,,286.5
NL,PBVO,HERAS2491,287,2014,7,2,10,37,58.15,-1.098,0.5,38000,-70,,287
NL,PBVO,HERAS2492,287.5,2014,7,2,10,40,58.15,-1.114,0.5,38000,-70,,287.5
NL,PBVO,HERAS2493,288,2014,7,2,10,43,58.15,-1.129,0.5,38000,-70,,288
NL,PBVO,HERAS2494,288.5,2014,7,2,10,46,58.15,-1.145,0.5,38000,-70,,288.5
NL,PBVO,HERAS2495,289,2014,7,2,10,48,58.149,-1.161,0.5,38000,-70,,289
NL,PBVO,HERAS2496,289.5,2014,7,2,10,51,58.149,-1.176,0.5,38000,-70,,289.5
NL,PBVO,HERAS2497,290,2014,7,2,10,54,58.149,-1.192,0.5,38000,-70,,290
NL,PBVO,HERAS2498,290.5,2014,7,2,10,57,58.149,-1.207,0.5,38000,-70,,290.5
NL,PBVO,HERAS2499,291,2014,7,2,11,0,58.149,-1.223,0.5,38000,-70,,291
NL,PBVO,HERAS2500,291.5,2014,7,2,11,3,58.149,-1.239,0.5,38000,-70,,291.5
NL,PBVO,HERAS2501,292,2014,7,2,11,6,58.149,-1.254,0.5,38000,-70,,292
NL,PBVO,HERAS2502,292.5,2014,7,2,11,9,58.149,-1.27,0.5,38000,-70,,292.5
NL,PBVO,HERAS2503,304,2014,7,2,13,12,58.149,-1.289,0.5,38000,-70,,304
NL,PBVO,HERAS2504,304.5,2014,7,2,13,15,58.149,-1.305,0.5,38000,-70,,304.5
NL,PBVO,HERAS2505,305,2014,7,2,13,18,58.149,-1.32,0.5,38000,-70,,305
NL,PBVO,HERAS2506,305.5,2014,7,2,13,21,58.149,-1.335,0.5,38000,-70,,305.5
NL,PBVO,HERAS2507,306,2014,7,2,13,24,58.149,-1.351,0.5,38000,-70,,306
NL,PBVO,HERAS2508,306.5,2014,7,2,13,27,58.149,-1.366,0.5,38000,-70,,306.5
NL,PBVO,HERAS2509,307,2014,7,2,13,30,58.149,-1.382,0.5,38000,-70,,307
NL,PBVO,HERAS2510,307.5,2014,7,2,13,33,58.148,-1.397,0.5,38000,-70,,307.5
NL,PBVO,HERAS2511,308,2014,7,2,13,36,58.148,-1.413,0.5,38000,-70,,308
NL,PBVO,HERAS2512,308.5,2014,7,2,13,38,58.149,-1.428,0.5,38000,-70,,308.5
NL,PBVO,HERAS2513,309,2014,7,2,13,41,58.149,-1.443,0.5,38000,-70,,309
NL,PBVO,HERAS2514,309.5,2014,7,2,13,44,58.15,-1.459,0.5,38000,-70,,309.5
NL,PBVO,HERAS2515,310,2014,7,2,13,47,58.15,-1.474,0.5,38000,-70,,310
NL,PBVO,HERAS2516,311,2014,7,2,14,3,58.149,-1.503,0.5,38000,-70,,311
NL,PBVO,HERAS2517,311.5,2014,7,2,14,6,58.148,-1.519,0.5,38000,-70,,311.5
NL,PBVO,HERAS2518,312,2014,7,2,14,9,58.149,-1.534,0.5,38000,-70,,312
NL,PBVO,HERAS2519,312.5,2014,7,2,14,11,58.149,-1.549,0.5,38000,-70,,312.5
NL,PBVO,HERAS2520,313,2014,7,2,14,14,58.149,-1.565,0.5,38000,-70,,313
NL,PBVO,HERAS2521,313.5,2014,7,2,14,17,58.149,-1.58,0.5,38000,-70,,313.5
NL,PBVO,HERAS2522,314,2014,7,2,14,20,58.149,-1.596,0.5,38000,-70,,314
NL,PBVO,HERAS2523,314.5,2014,7,2,14,23,58.149,-1.611,0.5,38000,-70,,314.5
NL,PBVO,HERAS2524,315,2014,7,2,14,26,58.149,-1.626,0.5,38000,-70,,315
NL,PBVO,HERAS2525,315.5,2014,7,2,14,29,58.149,-1.641,0.5,38000,-70,,315.5
NL,PBVO,HERAS2526,316,2014,7,2,14,32,58.15,-1.657,0.5,38000,-70,,316
NL,PBVO,HERAS2527,316.5,2014,7,2,14,35,58.15,-1.672,0.5,38000,-70,,316.5
NL,PBVO,HERAS2528,317,2014,7,2,14,38,58.15,-1.688,0.5,38000,-70,,317
NL,PBVO,HERAS2529,317.5,2014,7,2,14,41,58.15,-1.703,0.5,38000,-70,,317.5
NL,PBVO,HERAS2530,318,2014,7,2,14,44,58.15,-1.718,0.5,38000,-70,,318
NL,PBVO,HERAS2531,318.5,2014,7,2,14,47,58.15,-1.734,0.5,38000,-70,,318.5
NL,PBVO,HERAS2532,319,2014,7,2,14,50,58.15,-1.749,0.5,38000,-70,,319
NL,PBVO,HERAS2533,319.5,2014,7,2,14,53,58.151,-1.765,0.5,38000,-70,,319.5
NL,PBVO,HERAS2534,320,2014,7,2,14,56,58.151,-1.78,0.5,38000,-70,,320
NL,PBVO,HERAS2535,320.5,2014,7,2,14,59,58.151,-1.795,0.5,38000,-70,,320.5
NL,PBVO,HERAS2536,321,2014,7,2,15,2,58.151,-1.811,0.5,38000,-70,,321
NL,PBVO,HERAS2537,321.5,2014,7,2,15,4,58.151,-1.826,0.5,38000,-70,,321.5
NL,PBVO,HERAS2538,322,2014,7,2,15,7,58.151,-1.842,0.5,38000,-70,,322
NL,PBVO,HERAS2539,322.5,2014,7,2,15,10,58.151,-1.857,0.5,38000,-70,,322.5
NL,PBVO,HERAS2540,323,2014,7,2,15,13,58.151,-1.873,0.5,38000,-70,,323
NL,PBVO,HERAS2541,323.5,2014,7,2,15,16,58.151,-1.888,0.5,38000,-70,,323.5
NL,PBVO,HERAS2542,324,2014,7,2,15,19,58.151,-1.903,0.5,38000,-70,,324
NL,PBVO,HERAS2543,324.5,2014,7,2,15,22,58.152,-1.919,0.5,38000,-70,,324.5
NL,PBVO,HERAS2544,325,2014,7,2,15,25,58.152,-1.935,0.5,38000,-70,,325
NL,PBVO,HERAS2545,325.5,2014,7,2,15,28,58.152,-1.95,0.5,38000,-70,,325.5
NL,PBVO,HERAS2546,326,2014,7,2,15,31,58.152,-1.966,0.5,38000,-70,,326
NL,PBVO,HERAS2547,326.5,2014,7,2,15,34,58.152,-1.981,0.5,38000,-70,,326.5
NL,PBVO,HERAS2548,327,2014,7,2,15,37,58.152,-1.997,0.5,38000,-70,,327
NL,PBVO,HERAS2549,327.5,2014,7,2,15,40,58.152,-2.012,0.5,38000,-70,,327.5
NL,PBVO,HERAS2550,328,2014,7,2,15,43,58.152,-2.028,0.5,38000,-70,,328
NL,PBVO,HERAS2551,328.5,2014,7,2,15,46,58.152,-2.043,0.5,38000,-70,,328.5
NL,PBVO,HERAS2552,329,2014,7,2,15,49,58.152,-2.059,0.5,38000,-70,,329
NL,PBVO,HERAS2553,329.5,2014,7,2,15,52,58.152,-2.074,0.5,38000,-70,,329.5
NL,PBVO,HERAS2554,330,2014,7,2,15,55,58.152,-2.09,0.5,38000,-70,,330
NL,PBVO,HERAS2555,330.5,2014,7,2,15,58,58.152,-2.105,0.5,38000,-70,,330.5
NL,PBVO,HERAS2556,331,2014,7,2,16,1,58.152,-2.121,0.5,38000,-70,,331
NL,PBVO,HERAS2557,331.5,2014,7,2,16,3,58.152,-2.136,0.5,38000,-70,,331.5
NL,PBVO,HERAS2558,332,2014,7,2,16,6,58.153,-2.152,0.5,38000,-70,,332
NL,PBVO,HERAS2559,332.5,2014,7,2,16,9,58.153,-2.168,0.5,38000,-70,,332.5
NL,PBVO,HERAS2560,333,2014,7,2,16,12,58.153,-2.183,0.5,38000,-70,,333
NL,PBVO,HERAS2561,333.5,2014,7,2,16,15,58.153,-2.199,0.5,38000,-70,,333.5
NL,PBVO,HERAS2562,334,2014,7,2,16,19,58.153,-2.214,0.5,38000,-70,,334
NL,PBVO,HERAS2563,334.5,2014,7,2,16,22,58.153,-2.23,0.5,38000,-70,,334.5
NL,PBVO,HERAS2564,335,2014,7,2,16,25,58.153,-2.245,0.5,38000,-70,,335
NL,PBVO,HERAS2565,335.5,2014,7,2,16,28,58.153,-2.261,0.5,38000,-70,,335.5
NL,PBVO,HERAS2566,336,2014,7,2,16,31,58.154,-2.276,0.5,38000,-70,,336
NL,PBVO,HERAS2567,336.5,2014,7,2,16,34,58.153,-2.292,0.5,38000,-70,,336.5
NL,PBVO,HERAS2568,337,2014,7,2,16,37,58.153,-2.307,0.5,38000,-70,,337
NL,PBVO,HERAS2569,337.5,2014,7,2,16,40,58.153,-2.323,0.5,38000,-70,,337.5
NL,PBVO,HERAS2570,338,2014,7,2,16,43,58.153,-2.338,0.5,38000,-70,,338
NL,PBVO,HERAS2571,338.5,2014,7,2,16,46,58.153,-2.354,0.5,38000,-70,,338.5
NL,PBVO,HERAS2572,339,2014,7,2,16,49,58.153,-2.37,0.5,38000,-70,,339
NL,PBVO,HERAS2573,339.5,2014,7,2,16,52,58.153,-2.385,0.5,38000,-70,,339.5
NL,PBVO,HERAS2574,340,2014,7,2,16,55,58.153,-2.401,0.5,38000,-70,,340
NL,PBVO,HERAS2575,340.5,2014,7,2,16,58,58.153,-2.416,0.5,38000,-70,,340.5
NL,PBVO,HERAS2576,341,2014,7,2,17,1,58.153,-2.432,0.5,38000,-70,,341
NL,PBVO,HERAS2577,341.5,2014,7,2,17,5,58.153,-2.447,0.5,38000,-70,,341.5
NL,PBVO,HERAS2578,342,2014,7,2,17,8,58.153,-2.463,0.5,38000,-70,,342
NL,PBVO,HERAS2579,342.5,2014,7,2,17,11,58.153,-2.479,0.5,38000,-70,,342.5
NL,PBVO,HERAS2580,343,2014,7,2,17,14,58.153,-2.494,0.5,38000,-70,,343
NL,PBVO,HERAS2581,343.5,2014,7,2,17,17,58.152,-2.51,0.5,38000,-70,,343.5
NL,PBVO,HERAS2582,344,2014,7,2,17,21,58.152,-2.526,0.5,38000,-70,,344
NL,PBVO,HERAS2583,344.5,2014,7,2,17,24,58.152,-2.541,0.5,38000,-70,,344.5
NL,PBVO,HERAS2584,345,2014,7,2,17,27,58.152,-2.557,0.5,38000,-70,,345
NL,PBVO,HERAS2585,345.5,2014,7,2,17,30,58.152,-2.573,0.5,38000,-70,,345.5
NL,PBVO,HERAS2586,346,2014,7,2,17,33,58.152,-2.588,0.5,38000,-70,,346
NL,PBVO,HERAS2587,346.5,2014,7,2,17,37,58.152,-2.603,0.5,38000,-70,,346.5
NL,PBVO,HERAS2588,347,2014,7,2,17,40,58.152,-2.619,0.5,38000,-70,,347
NL,PBVO,HERAS2589,347.5,2014,7,2,17,43,58.153,-2.634,0.5,38000,-70,,347.5
NL,PBVO,HERAS2590,348,2014,7,2,17,46,58.154,-2.65,0.5,38000,-70,,348
NL,PBVO,HERAS2591,348.5,2014,7,2,17,49,58.155,-2.665,0.5,38000,-70,,348.5
NL,PBVO,HERAS2592,349,2014,7,2,17,52,58.156,-2.681,0.5,38000,-70,,349
NL,PBVO,HERAS2593,349.5,2014,7,2,17,55,58.156,-2.697,0.5,38000,-70,,349.5
NL,PBVO,HERAS2594,350,2014,7,2,17,58,58.156,-2.712,0.5,38000,-70,,350
NL,PBVO,HERAS2595,350.5,2014,7,2,18,1,58.157,-2.728,0.5,38000,-70,,350.5
NL,PBVO,HERAS2596,351,2014,7,2,18,4,58.157,-2.743,0.5,38000,-70,,351
NL,PBVO,HERAS2597,351.5,2014,7,2,18,7,58.157,-2.759,0.5,38000,-70,,351.5
NL,PBVO,HERAS2598,352,2014,7,2,18,10,58.157,-2.774,0.5,38000,-70,,352
NL,PBVO,HERAS2599,352.5,2014,7,2,18,13,58.157,-2.79,0.5,38000,-70,,352.5
NL,PBVO,HERAS2600,353,2014,7,2,18,16,58.157,-2.806,0.5,38000,-70,,353
NL,PBVO,HERAS2601,353.5,2014,7,2,18,19,58.157,-2.821,0.5,38000,-70,,353.5
NL,PBVO,HERAS2602,354,2014,7,2,18,22,58.156,-2.837,0.5,38000,-70,,354
NL,PBVO,HERAS2603,354.5,2014,7,2,18,25,58.156,-2.852,0.5,38000,-70,,354.5
NL,PBVO,HERAS2604,355,2014,7,2,18,27,58.157,-2.868,0.5,38000,-70,,355
NL,PBVO,HERAS2605,355.5,2014,7,2,18,30,58.157,-2.884,0.5,38000,-70,,355.5
NL,PBVO,HERAS2606,356,2014,7,2,18,33,58.157,-2.9,0.5,38000,-70,,356
NL,PBVO,HERAS2607,356.5,2014,7,2,18,36,58.158,-2.915,0.5,38000,-70,,356.5
NL,PBVO,HERAS2608,357,2014,7,2,18,39,58.158,-2.931,0.5,38000,-70,,357
NL,PBVO,HERAS2609,357.5,2014,7,2,18,42,58.159,-2.946,0.5,38000,-70,,357.5
NL,PBVO,HERAS2610,358,2014,7,2,18,44,58.159,-2.962,0.5,38000,-70,,358
NL,PBVO,HERAS2611,358.5,2014,7,2,18,47,58.16,-2.977,0.5,38000,-70,,358.5
NL,PBVO,HERAS2612,359,2014,7,2,18,50,58.16,-2.993,0.5,38000,-70,,359
NL,PBVO,HERAS2613,359.5,2014,7,2,18,53,58.161,-3.009,0.5,38000,-70,,359.5
NL,PBVO,HERAS2614,360,2014,7,2,18,56,58.161,-3.024,0.5,38000,-70,,360
NL,PBVO,HERAS2615,360.5,2014,7,2,18,59,58.161,-3.04,0.5,38000,-70,,360.5
NL,PBVO,HERAS2616,361,2014,7,2,19,2,58.16,-3.055,0.5,38000,-70,,361
NL,PBVO,HERAS2617,361.5,2014,7,2,19,4,58.16,-3.071,0.5,38000,-70,,361.5
NL,PBVO,HERAS2618,362,2014,7,2,19,7,58.159,-3.086,0.5,38000,-70,,362
NL,PBVO,HERAS2619,362.5,2014,7,2,19,10,58.158,-3.102,0.5,38000,-70,,362.5
NL,PBVO,HERAS2620,363,2014,7,2,19,13,58.158,-3.117,0.5,38000,-70,,363
NL,PBVO,HERAS2621,363.5,2014,7,2,19,16,58.157,-3.133,0.5,38000,-70,,363.5
NL,PBVO,HERAS2622,364,2014,7,2,19,19,58.157,-3.148,0.5,38000,-70,,364
NL,PBVO,HERAS2623,364.5,2014,7,2,19,22,58.156,-3.164,0.5,38000,-70,,364.5
NL,PBVO,HERAS2624,365,2014,7,2,19,25,58.155,-3.179,0.5,38000,-70,,365
NL,PBVO,HERAS2625,365.5,2014,7,2,19,28,58.154,-3.195,0.5,38000,-70,,365.5
NL,PBVO,HERAS2626,366,2014,7,2,19,31,58.153,-3.21,0.5,38000,-70,,366
NL,PBVO,HERAS2627,366.5,2014,7,2,19,33,58.152,-3.226,0.5,38000,-70,,366.5
NL,PBVO,HERAS2628,367,2014,7,2,19,36,58.15,-3.241,0.5,38000,-70,,367
NL,PBVO,HERAS2629,367.5,2014,7,2,19,39,58.148,-3.256,0.5,38000,-70,,367.5
NL,PBVO,HERAS2630,369,2014,7,2,19,56,58.145,-3.3,0.5,38000,-70,,369
NL,PBVO,HERAS2631,369.5,2014,7,2,20,0,58.15,-3.312,0.5,38000,-70,,369.5
NL,PBVO,HERAS2632,370,2014,7,2,20,3,58.152,-3.301,0.5,38000,-70,,370
NL,PBVO,HERAS2633,370.5,2014,7,2,20,7,58.143,-3.3,0.5,38000,-70,,370.5
NL,PBVO,HERAS2634,371,2014,7,2,20,10,58.135,-3.3,0.5,38000,-70,,371
NL,PBVO,HERAS2635,371.5,2014,7,2,20,13,58.127,-3.299,0.5,38000,-70,,371.5
NL,PBVO,HERAS2636,372,2014,7,2,20,17,58.118,-3.299,0.5,38000,-70,,372
NL,PBVO,HERAS2637,372.5,2014,7,2,20,20,58.11,-3.299,0.5,38000,-70,,372.5
NL,PBVO,HERAS2638,373,2014,7,2,20,23,58.102,-3.299,0.5,38000,-70,,373
NL,PBVO,HERAS2639,373.5,2014,7,2,20,26,58.093,-3.299,0.5,38000,-70,,373.5
NL,PBVO,HERAS2640,374,2014,7,2,20,29,58.085,-3.299,0.5,38000,-70,,374
NL,PBVO,HERAS2641,374.5,2014,7,2,20,33,58.077,-3.299,0.5,38000,-70,,374.5
NL,PBVO,HERAS2642,375,2014,7,2,20,36,58.068,-3.299,0.5,38000,-70,,375
NL,PBVO,HERAS2643,375.5,2014,7,2,20,39,58.06,-3.299,0.5,38000,-70,,375.5
NL,PBVO,HERAS2644,376,2014,7,2,20,42,58.052,-3.299,0.5,38000,-70,,376
NL,PBVO,HERAS2645,376.5,2014,7,2,20,45,58.043,-3.299,0.5,38000,-70,,376.5
NL,PBVO,HERAS2646,377,2014,7,2,20,48,58.035,-3.299,0.5,38000,-70,,377
NL,PBVO,HERAS2647,377.5,2014,7,2,20,51,58.027,-3.299,0.5,38000,-70,,377.5
NL,PBVO,HERAS2648,378,2014,7,2,20,54,58.018,-3.299,0.5,38000,-70,,378
NL,PBVO,HERAS2649,378.5,2014,7,2,20,56,58.01,-3.299,0.5,38000,-70,,378.5
NL,PBVO,HERAS2650,379,2014,7,2,20,59,58.002,-3.3,0.5,38000,-70,,379
NL,PBVO,HERAS2651,379.5,2014,7,2,21,2,57.993,-3.3,0.5,38000,-70,,379.5
NL,PBVO,HERAS2652,380,2014,7,2,21,5,57.985,-3.3,0.5,38000,-70,,380
NL,PBVO,HERAS2653,380.5,2014,7,2,21,8,57.977,-3.301,0.5,38000,-70,,380.5
NL,PBVO,HERAS2654,381,2014,7,2,21,11,57.969,-3.301,0.5,38000,-70,,381
NL,PBVO,HERAS2655,381.5,2014,7,2,21,14,57.96,-3.299,0.5,38000,-70,,381.5
NL,PBVO,HERAS2656,382,2014,7,2,21,17,57.952,-3.297,0.5,38000,-70,,382
NL,PBVO,HERAS2657,382.5,2014,7,2,21,19,57.944,-3.296,0.5,38000,-70,,382.5
NL,PBVO,HERAS2658,383.5,2014,7,2,21,36,57.933,-3.293,0.5,38000,-70,,383.5
NL,PBVO,HERAS2659,384,2014,7,2,21,39,57.93,-3.278,0.5,38000,-70,,384
NL,PBVO,HERAS2660,384.5,2014,7,2,21,42,57.928,-3.263,0.5,38000,-70,,384.5
NL,PBVO,HERAS2661,385,2014,7,2,21,45,57.926,-3.249,0.5,38000,-70,,385
NL,PBVO,HERAS2662,385.5,2014,7,2,21,48,57.924,-3.234,0.5,38000,-70,,385.5
NL,PBVO,HERAS2663,386,2014,7,2,21,51,57.922,-3.219,0.5,38000,-70,,386
NL,PBVO,HERAS2664,386.5,2014,7,2,21,54,57.919,-3.204,0.5,38000,-70,,386.5
NL,PBVO,HERAS2665,391.5,2014,7,3,2,0,57.917,-3.188,0.5,38000,-70,,391.5
NL,PBVO,HERAS2666,392,2014,7,3,2,3,57.914,-3.173,0.5,38000,-70,,392
NL,PBVO,HERAS2667,392.5,2014,7,3,2,6,57.912,-3.158,0.5,38000,-70,,392.5
NL,PBVO,HERAS2668,393,2014,7,3,2,9,57.91,-3.143,0.5,38000,-70,,393
NL,PBVO,HERAS2669,393.5,2014,7,3,2,12,57.908,-3.128,0.5,38000,-70,,393.5
NL,PBVO,HERAS2670,394,2014,7,3,2,14,57.905,-3.113,0.5,38000,-70,,394
NL,PBVO,HERAS2671,394.5,2014,7,3,2,17,57.903,-3.098,0.5,38000,-70,,394.5
NL,PBVO,HERAS2672,395,2014,7,3,2,20,57.901,-3.083,0.5,38000,-70,,395
NL,PBVO,HERAS2673,395.5,2014,7,3,2,23,57.898,-3.068,0.5,38000,-70,,395.5
NL,PBVO,HERAS2674,396,2014,7,3,2,25,57.896,-3.052,0.5,38000,-70,,396
NL,PBVO,HERAS2675,396.5,2014,7,3,2,28,57.894,-3.037,0.5,38000,-70,,396.5
NL,PBVO,HERAS2676,397,2014,7,3,2,31,57.892,-3.022,0.5,38000,-70,,397
NL,PBVO,HERAS2677,397.5,2014,7,3,2,34,57.89,-3.007,0.5,38000,-70,,397.5
NL,PBVO,HERAS2678,398,2014,7,3,2,36,57.887,-2.992,0.5,38000,-70,,398
NL,PBVO,HERAS2679,398.5,2014,7,3,2,39,57.885,-2.977,0.5,38000,-70,,398.5
NL,PBVO,HERAS2680,399,2014,7,3,2,42,57.883,-2.962,0.5,38000,-70,,399
NL,PBVO,HERAS2681,399.5,2014,7,3,2,45,57.881,-2.947,0.5,38000,-70,,399.5
NL,PBVO,HERAS2682,400,2014,7,3,2,48,57.879,-2.932,0.5,38000,-70,,400
NL,PBVO,HERAS2683,400.5,2014,7,3,2,50,57.877,-2.916,0.5,38000,-70,,400.5
NL,PBVO,HERAS2684,401,2014,7,3,2,53,57.875,-2.901,0.5,38000,-70,,401
NL,PBVO,HERAS2685,401.5,2014,7,3,2,56,57.873,-2.886,0.5,38000,-70,,401.5
NL,PBVO,HERAS2686,402,2014,7,3,2,59,57.871,-2.871,0.5,38000,-70,,402
NL,PBVO,HERAS2687,402.5,2014,7,3,3,1,57.869,-2.855,0.5,38000,-70,,402.5
NL,PBVO,HERAS2688,403,2014,7,3,3,4,57.867,-2.84,0.5,38000,-70,,403
NL,PBVO,HERAS2689,403.5,2014,7,3,3,7,57.866,-2.825,0.5,38000,-70,,403.5
NL,PBVO,HERAS2690,404,2014,7,3,3,10,57.864,-2.81,0.5,38000,-70,,404
NL,PBVO,HERAS2691,404.5,2014,7,3,3,13,57.862,-2.795,0.5,38000,-70,,404.5
NL,PBVO,HERAS2692,405,2014,7,3,3,15,57.86,-2.779,0.5,38000,-70,,405
NL,PBVO,HERAS2693,405.5,2014,7,3,3,18,57.858,-2.764,0.5,38000,-70,,405.5
NL,PBVO,HERAS2694,406,2014,7,3,3,21,57.856,-2.748,0.5,38000,-70,,406
NL,PBVO,HERAS2695,406.5,2014,7,3,3,24,57.854,-2.733,0.5,38000,-70,,406.5
NL,PBVO,HERAS2696,407,2014,7,3,3,27,57.852,-2.718,0.5,38000,-70,,407
NL,PBVO,HERAS2697,407.5,2014,7,3,3,30,57.85,-2.703,0.5,38000,-70,,407.5
NL,PBVO,HERAS2698,408,2014,7,3,3,32,57.848,-2.687,0.5,38000,-70,,408
NL,PBVO,HERAS2699,408.5,2014,7,3,3,35,57.845,-2.672,0.5,38000,-70,,408.5
NL,PBVO,HERAS2700,409,2014,7,3,3,38,57.842,-2.658,0.5,38000,-70,,409
NL,PBVO,HERAS2701,409.5,2014,7,3,3,41,57.838,-2.644,0.5,38000,-70,,409.5
NL,PBVO,HERAS2702,410,2014,7,3,3,44,57.835,-2.63,0.5,38000,-70,,410
NL,PBVO,HERAS2703,410.5,2014,7,3,3,46,57.834,-2.615,0.5,38000,-70,,410.5
NL,PBVO,HERAS2704,411,2014,7,3,3,49,57.831,-2.599,0.5,38000,-70,,411
NL,PBVO,HERAS2705,411.5,2014,7,3,3,52,57.829,-2.584,0.5,38000,-70,,411.5
NL,PBVO,HERAS2706,412,2014,7,3,3,55,57.826,-2.569,0.5,38000,-70,,412
NL,PBVO,HERAS2707,412.5,2014,7,3,3,58,57.825,-2.554,0.5,38000,-70,,412.5
NL,PBVO,HERAS2708,413,2014,7,3,4,0,57.822,-2.539,0.5,38000,-70,,413
NL,PBVO,HERAS2709,413.5,2014,7,3,4,3,57.82,-2.523,0.5,38000,-70,,413.5
NL,PBVO,HERAS2710,414.5,2014,7,3,4,17,57.824,-2.5,0.5,38000,-70,,414.5
NL,PBVO,HERAS2711,415,2014,7,3,4,20,57.826,-2.49,0.5,38000,-70,,415
NL,PBVO,HERAS2712,415.5,2014,7,3,4,22,57.822,-2.476,0.5,38000,-70,,415.5
NL,PBVO,HERAS2713,416,2014,7,3,4,25,57.819,-2.462,0.5,38000,-70,,416
NL,PBVO,HERAS2714,416.5,2014,7,3,4,28,57.815,-2.448,0.5,38000,-70,,416.5
NL,PBVO,HERAS2715,417,2014,7,3,4,31,57.811,-2.434,0.5,38000,-70,,417
NL,PBVO,HERAS2716,417.5,2014,7,3,4,34,57.807,-2.42,0.5,38000,-70,,417.5
NL,PBVO,HERAS2717,418,2014,7,3,4,36,57.804,-2.406,0.5,38000,-70,,418
NL,PBVO,HERAS2718,418.5,2014,7,3,4,39,57.8,-2.392,0.5,38000,-70,,418.5
NL,PBVO,HERAS2719,419,2014,7,3,4,42,57.798,-2.377,0.5,38000,-70,,419
NL,PBVO,HERAS2720,419.5,2014,7,3,4,45,57.796,-2.362,0.5,38000,-70,,419.5
NL,PBVO,HERAS2721,420,2014,7,3,4,47,57.794,-2.347,0.5,38000,-70,,420
NL,PBVO,HERAS2722,420.5,2014,7,3,4,50,57.791,-2.332,0.5,38000,-70,,420.5
NL,PBVO,HERAS2723,421,2014,7,3,4,53,57.789,-2.316,0.5,38000,-70,,421
NL,PBVO,HERAS2724,421.5,2014,7,3,4,56,57.787,-2.301,0.5,38000,-70,,421.5
NL,PBVO,HERAS2725,422,2014,7,3,4,58,57.785,-2.286,0.5,38000,-70,,422
NL,PBVO,HERAS2726,422.5,2014,7,3,5,1,57.783,-2.27,0.5,38000,-70,,422.5
NL,PBVO,HERAS2727,423,2014,7,3,5,4,57.781,-2.255,0.5,38000,-70,,423
NL,PBVO,HERAS2728,423.5,2014,7,3,5,6,57.779,-2.24,0.5,38000,-70,,423.5
NL,PBVO,HERAS2729,424,2014,7,3,5,9,57.777,-2.224,0.5,38000,-70,,424
NL,PBVO,HERAS2730,424.5,2014,7,3,5,12,57.774,-2.209,0.5,38000,-70,,424.5
NL,PBVO,HERAS2731,425,2014,7,3,5,14,57.772,-2.194,0.5,38000,-70,,425
NL,PBVO,HERAS2732,425.5,2014,7,3,5,17,57.77,-2.178,0.5,38000,-70,,425.5
NL,PBVO,HERAS2733,426,2014,7,3,5,20,57.768,-2.163,0.5,38000,-70,,426
NL,PBVO,HERAS2734,426.5,2014,7,3,5,23,57.766,-2.148,0.5,38000,-70,,426.5
NL,PBVO,HERAS2735,427,2014,7,3,5,26,57.763,-2.133,0.5,38000,-70,,427
NL,PBVO,HERAS2736,427.5,2014,7,3,5,29,57.761,-2.118,0.5,38000,-70,,427.5
NL,PBVO,HERAS2737,428,2014,7,3,5,33,57.759,-2.102,0.5,38000,-70,,428
NL,PBVO,HERAS2738,428.5,2014,7,3,5,38,57.758,-2.086,0.5,38000,-70,,428.5
NL,PBVO,HERAS2739,429,2014,7,3,5,44,57.757,-2.071,0.5,38000,-70,,429
NL,PBVO,HERAS2740,435.5,2014,7,3,7,21,57.755,-2.059,0.5,38000,-70,,435.5
NL,PBVO,HERAS2741,436,2014,7,3,7,24,57.757,-2.044,0.5,38000,-70,,436
NL,PBVO,HERAS2742,436.5,2014,7,3,7,27,57.76,-2.03,0.5,38000,-70,,436.5
NL,PBVO,HERAS2743,437,2014,7,3,7,30,57.764,-2.016,0.5,38000,-70,,437
NL,PBVO,HERAS2744,437.5,2014,7,3,7,33,57.767,-2.002,0.5,38000,-70,,437.5
NL,PBVO,HERAS2745,438,2014,7,3,7,36,57.771,-1.988,0.5,38000,-70,,438
NL,PBVO,HERAS2746,438.5,2014,7,3,7,39,57.774,-1.974,0.5,38000,-70,,438.5
NL,PBVO,HERAS2747,439,2014,7,3,7,42,57.778,-1.961,0.5,38000,-70,,439
NL,PBVO,HERAS2748,439.5,2014,7,3,7,45,57.782,-1.947,0.5,38000,-70,,439.5
NL,PBVO,HERAS2749,440,2014,7,3,7,47,57.786,-1.933,0.5,38000,-70,,440
NL,PBVO,HERAS2750,440.5,2014,7,3,7,50,57.79,-1.92,0.5,38000,-70,,440.5
NL,PBVO,HERAS2751,441,2014,7,3,7,53,57.794,-1.906,0.5,38000,-70,,441
NL,PBVO,HERAS2752,441.5,2014,7,3,7,56,57.798,-1.893,0.5,38000,-70,,441.5
NL,PBVO,HERAS2753,442,2014,7,3,7,59,57.802,-1.88,0.5,38000,-70,,442
NL,PBVO,HERAS2754,442.5,2014,7,3,8,2,57.806,-1.866,0.5,38000,-70,,442.5
NL,PBVO,HERAS2755,443,2014,7,3,8,5,57.81,-1.853,0.5,38000,-70,,443
NL,PBVO,HERAS2756,443.5,2014,7,3,8,8,57.813,-1.839,0.5,38000,-70,,443.5
NL,PBVO,HERAS2757,444,2014,7,3,8,11,57.817,-1.825,0.5,38000,-70,,444
NL,PBVO,HERAS2758,444.5,2014,7,3,8,14,57.821,-1.812,0.5,38000,-70,,444.5
NL,PBVO,HERAS2759,445,2014,7,3,8,17,57.825,-1.798,0.5,38000,-70,,445
NL,PBVO,HERAS2760,445.5,2014,7,3,8,19,57.828,-1.784,0.5,38000,-70,,445.5
NL,PBVO,HERAS2761,446,2014,7,3,8,22,57.832,-1.77,0.5,38000,-70,,446
NL,PBVO,HERAS2762,446.5,2014,7,3,8,25,57.835,-1.755,0.5,38000,-70,,446.5
NL,PBVO,HERAS2763,447,2014,7,3,8,28,57.839,-1.741,0.5,38000,-70,,447
NL,PBVO,HERAS2764,447.5,2014,7,3,8,31,57.842,-1.727,0.5,38000,-70,,447.5
NL,PBVO,HERAS2765,448,2014,7,3,8,34,57.846,-1.713,0.5,38000,-70,,448
NL,PBVO,HERAS2766,448.5,2014,7,3,8,37,57.849,-1.699,0.5,38000,-70,,448.5
NL,PBVO,HERAS2767,449,2014,7,3,8,39,57.853,-1.685,0.5,38000,-70,,449
NL,PBVO,HERAS2768,449.5,2014,7,3,8,42,57.856,-1.67,0.5,38000,-70,,449.5
NL,PBVO,HERAS2769,450,2014,7,3,8,45,57.859,-1.656,0.5,38000,-70,,450
NL,PBVO,HERAS2770,450.5,2014,7,3,8,48,57.861,-1.641,0.5,38000,-70,,450.5
NL,PBVO,HERAS2771,451,2014,7,3,8,51,57.864,-1.626,0.5,38000,-70,,451
NL,PBVO,HERAS2772,451.5,2014,7,3,8,54,57.865,-1.611,0.5,38000,-70,,451.5
NL,PBVO,HERAS2773,452,2014,7,3,8,57,57.865,-1.595,0.5,38000,-70,,452
NL,PBVO,HERAS2774,452.5,2014,7,3,9,0,57.866,-1.58,0.5,38000,-70,,452.5
NL,PBVO,HERAS2775,453,2014,7,3,9,3,57.867,-1.564,0.5,38000,-70,,453
NL,PBVO,HERAS2776,453.5,2014,7,3,9,5,57.867,-1.549,0.5,38000,-70,,453.5
NL,PBVO,HERAS2777,454,2014,7,3,9,8,57.868,-1.534,0.5,38000,-70,,454
NL,PBVO,HERAS2778,455.5,2014,7,3,9,27,57.871,-1.493,0.5,38000,-70,,455.5
NL,PBVO,HERAS2779,456,2014,7,3,9,29,57.87,-1.477,0.5,38000,-70,,456
NL,PBVO,HERAS2780,456.5,2014,7,3,9,32,57.87,-1.462,0.5,38000,-70,,456.5
NL,PBVO,HERAS2781,457,2014,7,3,9,35,57.87,-1.446,0.5,38000,-70,,457
NL,PBVO,HERAS2782,457.5,2014,7,3,9,38,57.87,-1.431,0.5,38000,-70,,457.5
NL,PBVO,HERAS2783,458,2014,7,3,9,41,57.87,-1.416,0.5,38000,-70,,458
NL,PBVO,HERAS2784,458.5,2014,7,3,9,44,57.87,-1.4,0.5,38000,-70,,458.5
NL,PBVO,HERAS2785,459,2014,7,3,9,46,57.87,-1.385,0.5,38000,-70,,459
NL,PBVO,HERAS2786,459.5,2014,7,3,9,49,57.87,-1.369,0.5,38000,-70,,459.5
NL,PBVO,HERAS2787,460,2014,7,3,9,52,57.87,-1.354,0.5,38000,-70,,460
NL,PBVO,HERAS2788,460.5,2014,7,3,9,55,57.869,-1.338,0.5,38000,-70,,460.5
NL,PBVO,HERAS2789,461,2014,7,3,9,58,57.869,-1.323,0.5,38000,-70,,461
NL,PBVO,HERAS2790,461.5,2014,7,3,10,1,57.868,-1.307,0.5,38000,-70,,461.5
NL,PBVO,HERAS2791,462,2014,7,3,10,3,57.868,-1.292,0.5,38000,-70,,462
NL,PBVO,HERAS2792,462.5,2014,7,3,10,6,57.868,-1.277,0.5,38000,-70,,462.5
NL,PBVO,HERAS2793,463,2014,7,3,10,9,57.868,-1.261,0.5,38000,-70,,463
NL,PBVO,HERAS2794,463.5,2014,7,3,10,12,57.867,-1.246,0.5,38000,-70,,463.5
NL,PBVO,HERAS2795,464,2014,7,3,10,15,57.867,-1.23,0.5,38000,-70,,464
NL,PBVO,HERAS2796,464.5,2014,7,3,10,18,57.867,-1.215,0.5,38000,-70,,464.5
NL,PBVO,HERAS2797,465,2014,7,3,10,20,57.867,-1.2,0.5,38000,-70,,465
NL,PBVO,HERAS2798,465.5,2014,7,3,10,23,57.866,-1.184,0.5,38000,-70,,465.5
NL,PBVO,HERAS2799,466,2014,7,3,10,26,57.866,-1.169,0.5,38000,-70,,466
NL,PBVO,HERAS2800,466.5,2014,7,3,10,29,57.866,-1.153,0.5,38000,-70,,466.5
NL,PBVO,HERAS2801,467,2014,7,3,10,32,57.866,-1.138,0.5,38000,-70,,467
NL,PBVO,HERAS2802,467.5,2014,7,3,10,34,57.866,-1.122,0.5,38000,-70,,467.5
NL,PBVO,HERAS2803,468,2014,7,3,10,37,57.867,-1.107,0.5,38000,-70,,468
NL,PBVO,HERAS2804,468.5,2014,7,3,10,40,57.867,-1.091,0.5,38000,-70,,468.5
NL,PBVO,HERAS2805,469,2014,7,3,10,43,57.868,-1.076,0.5,38000,-70,,469
NL,PBVO,HERAS2806,469.5,2014,7,3,10,46,57.868,-1.06,0.5,38000,-70,,469.5
NL,PBVO,HERAS2807,470,2014,7,3,10,48,57.868,-1.044,0.5,38000,-70,,470
NL,PBVO,HERAS2808,470.5,2014,7,3,10,51,57.869,-1.029,0.5,38000,-70,,470.5
NL,PBVO,HERAS2809,471,2014,7,3,10,54,57.869,-1.013,0.5,38000,-70,,471
NL,PBVO,HERAS2810,471.5,2014,7,3,10,56,57.869,-0.997,0.5,38000,-70,,471.5
NL,PBVO,HERAS2811,472,2014,7,3,10,59,57.87,-0.982,0.5,38000,-70,,472
NL,PBVO,HERAS2812,472.5,2014,7,3,11,2,57.87,-0.966,0.5,38000,-70,,472.5
NL,PBVO,HERAS2813,473,2014,7,3,11,5,57.87,-0.951,0.5,38000,-70,,473
NL,PBVO,HERAS2814,473.5,2014,7,3,11,8,57.871,-0.935,0.5,38000,-70,,473.5
NL,PBVO,HERAS2815,474,2014,7,3,11,10,57.871,-0.919,0.5,38000,-70,,474
NL,PBVO,HERAS2816,474.5,2014,7,3,11,13,57.871,-0.904,0.5,38000,-70,,474.5
NL,PBVO,HERAS2817,475,2014,7,3,11,16,57.872,-0.888,0.5,38000,-70,,475
NL,PBVO,HERAS2818,475.5,2014,7,3,11,19,57.872,-0.873,0.5,38000,-70,,475.5
NL,PBVO,HERAS2819,476,2014,7,3,11,22,57.872,-0.857,0.5,38000,-70,,476
NL,PBVO,HERAS2820,476.5,2014,7,3,11,24,57.872,-0.841,0.5,38000,-70,,476.5
NL,PBVO,HERAS2821,477,2014,7,3,11,27,57.873,-0.826,0.5,38000,-70,,477
NL,PBVO,HERAS2822,477.5,2014,7,3,11,30,57.873,-0.81,0.5,38000,-70,,477.5
NL,PBVO,HERAS2823,478,2014,7,3,11,33,57.873,-0.795,0.5,38000,-70,,478
NL,PBVO,HERAS2824,478.5,2014,7,3,11,36,57.873,-0.779,0.5,38000,-70,,478.5
NL,PBVO,HERAS2825,479,2014,7,3,11,38,57.873,-0.763,0.5,38000,-70,,479
NL,PBVO,HERAS2826,479.5,2014,7,3,11,41,57.873,-0.748,0.5,38000,-70,,479.5
NL,PBVO,HERAS2827,480,2014,7,3,11,44,57.873,-0.732,0.5,38000,-70,,480
NL,PBVO,HERAS2828,480.5,2014,7,3,11,47,57.872,-0.716,0.5,38000,-70,,480.5
NL,PBVO,HERAS2829,481,2014,7,3,11,50,57.872,-0.701,0.5,38000,-70,,481
NL,PBVO,HERAS2830,481.5,2014,7,3,11,52,57.871,-0.685,0.5,38000,-70,,481.5
NL,PBVO,HERAS2831,482,2014,7,3,11,55,57.871,-0.67,0.5,38000,-70,,482
NL,PBVO,HERAS2832,482.5,2014,7,3,11,58,57.87,-0.654,0.5,38000,-70,,482.5
NL,PBVO,HERAS2833,483,2014,7,3,12,1,57.87,-0.639,0.5,38000,-70,,483
NL,PBVO,HERAS2834,483.5,2014,7,3,12,4,57.87,-0.623,0.5,38000,-70,,483.5
NL,PBVO,HERAS2835,484,2014,7,3,12,6,57.871,-0.608,0.5,38000,-70,,484
NL,PBVO,HERAS2836,484.5,2014,7,3,12,9,57.871,-0.592,0.5,38000,-70,,484.5
NL,PBVO,HERAS2837,485,2014,7,3,12,12,57.871,-0.577,0.5,38000,-70,,485
NL,PBVO,HERAS2838,485.5,2014,7,3,12,15,57.872,-0.561,0.5,38000,-70,,485.5
NL,PBVO,HERAS2839,486,2014,7,3,12,18,57.872,-0.546,0.5,38000,-70,,486
NL,PBVO,HERAS2840,486.5,2014,7,3,12,20,57.872,-0.53,0.5,38000,-70,,486.5
NL,PBVO,HERAS2841,487,2014,7,3,12,23,57.872,-0.515,0.5,38000,-70,,487
NL,PBVO,HERAS2842,487.5,2014,7,3,12,26,57.872,-0.499,0.5,38000,-70,,487.5
NL,PBVO,HERAS2843,488,2014,7,3,12,29,57.872,-0.484,0.5,38000,-70,,488
NL,PBVO,HERAS2844,488.5,2014,7,3,12,32,57.871,-0.468,0.5,38000,-70,,488.5
NL,PBVO,HERAS2845,489,2014,7,3,12,35,57.871,-0.453,0.5,38000,-70,,489
NL,PBVO,HERAS2846,489.5,2014,7,3,12,37,57.87,-0.437,0.5,38000,-70,,489.5
NL,PBVO,HERAS2847,490,2014,7,3,12,40,57.87,-0.421,0.5,38000,-70,,490
NL,PBVO,HERAS2848,490.5,2014,7,3,12,43,57.87,-0.406,0.5,38000,-70,,490.5
NL,PBVO,HERAS2849,491,2014,7,3,12,46,57.869,-0.39,0.5,38000,-70,,491
NL,PBVO,HERAS2850,491.5,2014,7,3,12,48,57.869,-0.375,0.5,38000,-70,,491.5
NL,PBVO,HERAS2851,492,2014,7,3,12,51,57.868,-0.359,0.5,38000,-70,,492
NL,PBVO,HERAS2852,492.5,2014,7,3,12,54,57.868,-0.344,0.5,38000,-70,,492.5
NL,PBVO,HERAS2853,493,2014,7,3,12,57,57.868,-0.328,0.5,38000,-70,,493
NL,PBVO,HERAS2854,493.5,2014,7,3,13,0,57.867,-0.313,0.5,38000,-70,,493.5
NL,PBVO,HERAS2855,494,2014,7,3,13,3,57.867,-0.297,0.5,38000,-70,,494
NL,PBVO,HERAS2856,494.5,2014,7,3,13,5,57.867,-0.282,0.5,38000,-70,,494.5
NL,PBVO,HERAS2857,495,2014,7,3,13,8,57.866,-0.266,0.5,38000,-70,,495
NL,PBVO,HERAS2858,495.5,2014,7,3,13,11,57.866,-0.25,0.5,38000,-70,,495.5
NL,PBVO,HERAS2859,496,2014,7,3,13,14,57.866,-0.235,0.5,38000,-70,,496
NL,PBVO,HERAS2860,496.5,2014,7,3,13,17,57.865,-0.219,0.5,38000,-70,,496.5
NL,PBVO,HERAS2861,497,2014,7,3,13,19,57.865,-0.203,0.5,38000,-70,,497
NL,PBVO,HERAS2862,497.5,2014,7,3,13,22,57.865,-0.188,0.5,38000,-70,,497.5
NL,PBVO,HERAS2863,498,2014,7,3,13,25,57.864,-0.172,0.5,38000,-70,,498
NL,PBVO,HERAS2864,498.5,2014,7,3,13,28,57.864,-0.156,0.5,38000,-70,,498.5
NL,PBVO,HERAS2865,499,2014,7,3,13,31,57.864,-0.141,0.5,38000,-70,,499
NL,PBVO,HERAS2866,499.5,2014,7,3,13,34,57.863,-0.125,0.5,38000,-70,,499.5
NL,PBVO,HERAS2867,500,2014,7,3,13,36,57.863,-0.109,0.5,38000,-70,,500
NL,PBVO,HERAS2868,500.5,2014,7,3,13,39,57.862,-0.094,0.5,38000,-70,,500.5
NL,PBVO,HERAS2869,501,2014,7,3,13,42,57.863,-0.078,0.5,38000,-70,,501
NL,PBVO,HERAS2870,501.5,2014,7,3,13,45,57.863,-0.062,0.5,38000,-70,,501.5
NL,PBVO,HERAS2871,502,2014,7,3,13,48,57.863,-0.047,0.5,38000,-70,,502
NL,PBVO,HERAS2872,502.5,2014,7,3,13,51,57.863,-0.031,0.5,38000,-70,,502.5
NL,PBVO,HERAS2873,503,2014,7,3,13,54,57.863,-0.016,0.5,38000,-70,,503
NL,PBVO,HERAS2874,503.5,2014,7,3,13,56,57.863,0,0.5,38000,-70,,503.5
NL,PBVO,HERAS2875,504,2014,7,3,13,59,57.863,0.016,0.5,38000,-70,,504
NL,PBVO,HERAS2876,504.5,2014,7,3,14,2,57.863,0.031,0.5,38000,-70,,504.5
NL,PBVO,HERAS2877,505,2014,7,3,14,5,57.863,0.047,0.5,38000,-70,,505
NL,PBVO,HERAS2878,505.5,2014,7,3,14,8,57.863,0.063,0.5,38000,-70,,505.5
NL,PBVO,HERAS2879,506,2014,7,3,14,11,57.863,0.078,0.5,38000,-70,,506
NL,PBVO,HERAS2880,506.5,2014,7,3,14,14,57.863,0.094,0.5,38000,-70,,506.5
NL,PBVO,HERAS2881,507,2014,7,3,14,17,57.863,0.109,0.5,38000,-70,,507
NL,PBVO,HERAS2882,507.5,2014,7,3,14,20,57.864,0.125,0.5,38000,-70,,507.5
NL,PBVO,HERAS2883,508,2014,7,3,14,22,57.864,0.14,0.5,38000,-70,,508
NL,PBVO,HERAS2884,520,2014,7,3,16,17,57.864,0.159,0.5,38000,-70,,520
NL,PBVO,HERAS2885,520.5,2014,7,3,16,20,57.864,0.175,0.5,38000,-70,,520.5
NL,PBVO,HERAS2886,521,2014,7,3,16,23,57.864,0.19,0.5,38000,-70,,521
NL,PBVO,HERAS2887,521.5,2014,7,3,16,26,57.865,0.206,0.5,38000,-70,,521.5
NL,PBVO,HERAS2888,522,2014,7,3,16,29,57.865,0.221,0.5,38000,-70,,522
NL,PBVO,HERAS2889,522.5,2014,7,3,16,32,57.865,0.237,0.5,38000,-70,,522.5
NL,PBVO,HERAS2890,523,2014,7,3,16,35,57.865,0.252,0.5,38000,-70,,523
NL,PBVO,HERAS2891,523.5,2014,7,3,16,37,57.865,0.268,0.5,38000,-70,,523.5
NL,PBVO,HERAS2892,524,2014,7,3,16,40,57.865,0.283,0.5,38000,-70,,524
NL,PBVO,HERAS2893,524.5,2014,7,3,16,43,57.866,0.299,0.5,38000,-70,,524.5
NL,PBVO,HERAS2894,525,2014,7,3,16,46,57.866,0.315,0.5,38000,-70,,525
NL,PBVO,HERAS2895,525.5,2014,7,3,16,49,57.866,0.33,0.5,38000,-70,,525.5
NL,PBVO,HERAS2896,526,2014,7,3,16,52,57.866,0.346,0.5,38000,-70,,526
NL,PBVO,HERAS2897,526.5,2014,7,3,16,55,57.866,0.361,0.5,38000,-70,,526.5
NL,PBVO,HERAS2898,527,2014,7,3,16,57,57.866,0.376,0.5,38000,-70,,527
NL,PBVO,HERAS2899,527.5,2014,7,3,17,0,57.867,0.392,0.5,38000,-70,,527.5
NL,PBVO,HERAS2900,528,2014,7,3,17,3,57.867,0.407,0.5,38000,-70,,528
NL,PBVO,HERAS2901,528.5,2014,7,3,17,6,57.867,0.423,0.5,38000,-70,,528.5
NL,PBVO,HERAS2902,529,2014,7,3,17,9,57.868,0.438,0.5,38000,-70,,529
NL,PBVO,HERAS2903,529.5,2014,7,3,17,12,57.868,0.454,0.5,38000,-70,,529.5
NL,PBVO,HERAS2904,530,2014,7,3,17,15,57.868,0.469,0.5,38000,-70,,530
NL,PBVO,HERAS2905,531.5,2014,7,3,17,35,57.87,0.51,0.5,38000,-70,,531.5
NL,PBVO,HERAS2906,532,2014,7,3,17,38,57.87,0.525,0.5,38000,-70,,532
NL,PBVO,HERAS2907,532.5,2014,7,3,17,41,57.87,0.541,0.5,38000,-70,,532.5
NL,PBVO,HERAS2908,533,2014,7,3,17,44,57.87,0.557,0.5,38000,-70,,533
NL,PBVO,HERAS2909,533.5,2014,7,3,17,47,57.87,0.572,0.5,38000,-70,,533.5
NL,PBVO,HERAS2910,534,2014,7,3,17,50,57.87,0.587,0.5,38000,-70,,534
NL,PBVO,HERAS2911,534.5,2014,7,3,17,53,57.87,0.603,0.5,38000,-70,,534.5
NL,PBVO,HERAS2912,535,2014,7,3,17,56,57.87,0.618,0.5,38000,-70,,535
NL,PBVO,HERAS2913,535.5,2014,7,3,17,59,57.87,0.634,0.5,38000,-70,,535.5
NL,PBVO,HERAS2914,536,2014,7,3,18,2,57.869,0.649,0.5,38000,-70,,536
NL,PBVO,HERAS2915,536.5,2014,7,3,18,5,57.869,0.665,0.5,38000,-70,,536.5
NL,PBVO,HERAS2916,537,2014,7,3,18,7,57.869,0.68,0.5,38000,-70,,537
NL,PBVO,HERAS2917,537.5,2014,7,3,18,10,57.869,0.696,0.5,38000,-70,,537.5
NL,PBVO,HERAS2918,538,2014,7,3,18,13,57.868,0.711,0.5,38000,-70,,538
NL,PBVO,HERAS2919,538.5,2014,7,3,18,16,57.868,0.727,0.5,38000,-70,,538.5
NL,PBVO,HERAS2920,539,2014,7,3,18,19,57.868,0.743,0.5,38000,-70,,539
NL,PBVO,HERAS2921,539.5,2014,7,3,18,22,57.868,0.758,0.5,38000,-70,,539.5
NL,PBVO,HERAS2922,540,2014,7,3,18,25,57.868,0.773,0.5,38000,-70,,540
NL,PBVO,HERAS2923,540.5,2014,7,3,18,28,57.868,0.789,0.5,38000,-70,,540.5
NL,PBVO,HERAS2924,541,2014,7,3,18,31,57.868,0.804,0.5,38000,-70,,541
NL,PBVO,HERAS2925,541.5,2014,7,3,18,34,57.868,0.82,0.5,38000,-70,,541.5
NL,PBVO,HERAS2926,542,2014,7,3,18,37,57.868,0.836,0.5,38000,-70,,542
NL,PBVO,HERAS2927,553.5,2014,7,3,21,6,57.869,0.852,0.5,38000,-70,,553.5
NL,PBVO,HERAS2928,554,2014,7,3,21,9,57.868,0.868,0.5,38000,-70,,554
NL,PBVO,HERAS2929,554.5,2014,7,3,21,12,57.868,0.883,0.5,38000,-70,,554.5
NL,PBVO,HERAS2930,555,2014,7,3,21,15,57.868,0.899,0.5,38000,-70,,555
NL,PBVO,HERAS2931,555.5,2014,7,3,21,18,57.867,0.914,0.5,38000,-70,,555.5
NL,PBVO,HERAS2932,556,2014,7,3,21,20,57.867,0.93,0.5,38000,-70,,556
NL,PBVO,HERAS2933,556.5,2014,7,3,21,23,57.867,0.945,0.5,38000,-70,,556.5
NL,PBVO,HERAS2934,557,2014,7,3,21,26,57.867,0.961,0.5,38000,-70,,557
NL,PBVO,HERAS2935,557.5,2014,7,3,21,29,57.867,0.977,0.5,38000,-70,,557.5
NL,PBVO,HERAS2936,558,2014,7,3,21,32,57.867,0.992,0.5,38000,-70,,558
NL,PBVO,HERAS2937,558.5,2014,7,3,21,35,57.868,1.008,0.5,38000,-70,,558.5
NL,PBVO,HERAS2938,559,2014,7,3,21,38,57.868,1.023,0.5,38000,-70,,559
NL,PBVO,HERAS2939,559.5,2014,7,3,21,40,57.868,1.039,0.5,38000,-70,,559.5
NL,PBVO,HERAS2940,560,2014,7,3,21,43,57.868,1.055,0.5,38000,-70,,560
NL,PBVO,HERAS2941,560.5,2014,7,3,21,46,57.868,1.07,0.5,38000,-70,,560.5
NL,PBVO,HERAS2942,561,2014,7,3,21,49,57.868,1.086,0.5,38000,-70,,561
NL,PBVO,HERAS2943,561.5,2014,7,3,21,52,57.868,1.102,0.5,38000,-70,,561.5
NL,PBVO,HERAS2944,569.5,2014,7,4,1,58,57.871,1.145,0.5,38000,-70,,569.5
NL,PBVO,HERAS2945,570,2014,7,4,2,1,57.871,1.161,0.5,38000,-70,,570
NL,PBVO,HERAS2946,570.5,2014,7,4,2,4,57.87,1.177,0.5,38000,-70,,570.5
NL,PBVO,HERAS2947,571,2014,7,4,2,7,57.87,1.192,0.5,38000,-70,,571
NL,PBVO,HERAS2948,571.5,2014,7,4,2,10,57.869,1.208,0.5,38000,-70,,571.5
NL,PBVO,HERAS2949,572,2014,7,4,2,13,57.869,1.223,0.5,38000,-70,,572
NL,PBVO,HERAS2950,572.5,2014,7,4,2,15,57.869,1.239,0.5,38000,-70,,572.5
NL,PBVO,HERAS2951,573,2014,7,4,2,18,57.869,1.255,0.5,38000,-70,,573
NL,PBVO,HERAS2952,573.5,2014,7,4,2,21,57.868,1.27,0.5,38000,-70,,573.5
NL,PBVO,HERAS2953,574,2014,7,4,2,24,57.868,1.286,0.5,38000,-70,,574
NL,PBVO,HERAS2954,574.5,2014,7,4,2,27,57.868,1.302,0.5,38000,-70,,574.5
NL,PBVO,HERAS2955,575,2014,7,4,2,29,57.868,1.317,0.5,38000,-70,,575
NL,PBVO,HERAS2956,575.5,2014,7,4,2,32,57.868,1.333,0.5,38000,-70,,575.5
NL,PBVO,HERAS2957,576,2014,7,4,2,35,57.868,1.348,0.5,38000,-70,,576
NL,PBVO,HERAS2958,576.5,2014,7,4,2,38,57.868,1.364,0.5,38000,-70,,576.5
NL,PBVO,HERAS2959,577,2014,7,4,2,41,57.868,1.38,0.5,38000,-70,,577
NL,PBVO,HERAS2960,577.5,2014,7,4,2,43,57.867,1.395,0.5,38000,-70,,577.5
NL,PBVO,HERAS2961,578,2014,7,4,2,46,57.867,1.411,0.5,38000,-70,,578
NL,PBVO,HERAS2962,578.5,2014,7,4,2,49,57.867,1.427,0.5,38000,-70,,578.5
NL,PBVO,HERAS2963,579,2014,7,4,2,52,57.867,1.442,0.5,38000,-70,,579
NL,PBVO,HERAS2964,579.5,2014,7,4,2,55,57.867,1.458,0.5,38000,-70,,579.5
NL,PBVO,HERAS2965,580,2014,7,4,2,57,57.867,1.474,0.5,38000,-70,,580
NL,PBVO,HERAS2966,580.5,2014,7,4,3,0,57.867,1.489,0.5,38000,-70,,580.5
NL,PBVO,HERAS2967,581,2014,7,4,3,3,57.867,1.505,0.5,38000,-70,,581
NL,PBVO,HERAS2968,581.5,2014,7,4,3,6,57.867,1.521,0.5,38000,-70,,581.5
NL,PBVO,HERAS2969,582,2014,7,4,3,9,57.868,1.536,0.5,38000,-70,,582
NL,PBVO,HERAS2970,582.5,2014,7,4,3,11,57.868,1.552,0.5,38000,-70,,582.5
NL,PBVO,HERAS2971,583,2014,7,4,3,14,57.868,1.568,0.5,38000,-70,,583
NL,PBVO,HERAS2972,583.5,2014,7,4,3,17,57.868,1.583,0.5,38000,-70,,583.5
NL,PBVO,HERAS2973,584,2014,7,4,3,20,57.868,1.599,0.5,38000,-70,,584
NL,PBVO,HERAS2974,584.5,2014,7,4,3,23,57.868,1.615,0.5,38000,-70,,584.5
NL,PBVO,HERAS2975,585,2014,7,4,3,25,57.868,1.63,0.5,38000,-70,,585
NL,PBVO,HERAS2976,585.5,2014,7,4,3,28,57.868,1.646,0.5,38000,-70,,585.5
NL,PBVO,HERAS2977,586,2014,7,4,3,31,57.868,1.661,0.5,38000,-70,,586
NL,PBVO,HERAS2978,586.5,2014,7,4,3,34,57.868,1.677,0.5,38000,-70,,586.5
NL,PBVO,HERAS2979,587,2014,7,4,3,37,57.868,1.693,0.5,38000,-70,,587
NL,PBVO,HERAS2980,587.5,2014,7,4,3,39,57.868,1.708,0.5,38000,-70,,587.5
NL,PBVO,HERAS2981,588,2014,7,4,3,42,57.868,1.724,0.5,38000,-70,,588
NL,PBVO,HERAS2982,588.5,2014,7,4,3,45,57.868,1.74,0.5,38000,-70,,588.5
NL,PBVO,HERAS2983,589,2014,7,4,3,48,57.862,1.746,0.5,38000,-70,,589
NL,PBVO,HERAS2984,589.5,2014,7,4,3,51,57.853,1.746,0.5,38000,-70,,589.5
NL,PBVO,HERAS2985,590,2014,7,4,3,54,57.845,1.747,0.5,38000,-70,,590
NL,PBVO,HERAS2986,590.5,2014,7,4,3,57,57.836,1.747,0.5,38000,-70,,590.5
NL,PBVO,HERAS2987,591,2014,7,4,4,0,57.828,1.747,0.5,38000,-70,,591
NL,PBVO,HERAS2988,591.5,2014,7,4,4,3,57.82,1.747,0.5,38000,-70,,591.5
NL,PBVO,HERAS2989,592,2014,7,4,4,6,57.812,1.748,0.5,38000,-70,,592
NL,PBVO,HERAS2990,592.5,2014,7,4,4,9,57.803,1.748,0.5,38000,-70,,592.5
NL,PBVO,HERAS2991,593,2014,7,4,4,12,57.795,1.748,0.5,38000,-70,,593
NL,PBVO,HERAS2992,593.5,2014,7,4,4,15,57.786,1.749,0.5,38000,-70,,593.5
NL,PBVO,HERAS2993,594,2014,7,4,4,18,57.778,1.749,0.5,38000,-70,,594
NL,PBVO,HERAS2994,594.5,2014,7,4,4,21,57.769,1.749,0.5,38000,-70,,594.5
NL,PBVO,HERAS2995,595,2014,7,4,4,24,57.761,1.75,0.5,38000,-70,,595
NL,PBVO,HERAS2996,595.5,2014,7,4,4,27,57.753,1.75,0.5,38000,-70,,595.5
NL,PBVO,HERAS2997,596,2014,7,4,4,30,57.744,1.75,0.5,38000,-70,,596
NL,PBVO,HERAS2998,596.5,2014,7,4,4,33,57.736,1.75,0.5,38000,-70,,596.5
NL,PBVO,HERAS2999,597,2014,7,4,4,36,57.728,1.75,0.5,38000,-70,,597
NL,PBVO,HERAS3000,597.5,2014,7,4,4,39,57.719,1.75,0.5,38000,-70,,597.5
NL,PBVO,HERAS3001,598,2014,7,4,4,42,57.711,1.749,0.5,38000,-70,,598
NL,PBVO,HERAS3002,598.5,2014,7,4,4,45,57.702,1.749,0.5,38000,-70,,598.5
NL,PBVO,HERAS3003,599,2014,7,4,4,48,57.694,1.749,0.5,38000,-70,,599
NL,PBVO,HERAS3004,599.5,2014,7,4,4,51,57.686,1.749,0.5,38000,-70,,599.5
NL,PBVO,HERAS3005,600,2014,7,4,4,54,57.677,1.748,0.5,38000,-70,,600
NL,PBVO,HERAS3006,600.5,2014,7,4,4,57,57.671,1.74,0.5,38000,-70,,600.5
NL,PBVO,HERAS3007,601,2014,7,4,5,0,57.67,1.725,0.5,38000,-70,,601
NL,PBVO,HERAS3008,601.5,2014,7,4,5,3,57.671,1.71,0.5,38000,-70,,601.5
NL,PBVO,HERAS3009,602,2014,7,4,5,6,57.67,1.694,0.5,38000,-70,,602
NL,PBVO,HERAS3010,602.5,2014,7,4,5,9,57.67,1.679,0.5,38000,-70,,602.5
NL,PBVO,HERAS3011,603,2014,7,4,5,12,57.67,1.663,0.5,38000,-70,,603
NL,PBVO,HERAS3012,603.5,2014,7,4,5,15,57.67,1.648,0.5,38000,-70,,603.5
NL,PBVO,HERAS3013,604,2014,7,4,5,18,57.67,1.632,0.5,38000,-70,,604
NL,PBVO,HERAS3014,604.5,2014,7,4,5,21,57.669,1.617,0.5,38000,-70,,604.5
NL,PBVO,HERAS3015,605,2014,7,4,5,24,57.669,1.601,0.5,38000,-70,,605
NL,PBVO,HERAS3016,605.5,2014,7,4,5,27,57.669,1.586,0.5,38000,-70,,605.5
NL,PBVO,HERAS3017,606,2014,7,4,5,30,57.669,1.57,0.5,38000,-70,,606
NL,PBVO,HERAS3018,606.5,2014,7,4,5,33,57.668,1.555,0.5,38000,-70,,606.5
NL,PBVO,HERAS3019,607,2014,7,4,5,36,57.668,1.54,0.5,38000,-70,,607
NL,PBVO,HERAS3020,608.5,2014,7,4,5,53,57.667,1.494,0.5,38000,-70,,608.5
NL,PBVO,HERAS3021,609,2014,7,4,5,56,57.667,1.479,0.5,38000,-70,,609
NL,PBVO,HERAS3022,609.5,2014,7,4,5,59,57.667,1.463,0.5,38000,-70,,609.5
NL,PBVO,HERAS3023,610,2014,7,4,6,2,57.667,1.448,0.5,38000,-70,,610
NL,PBVO,HERAS3024,610.5,2014,7,4,6,5,57.667,1.432,0.5,38000,-70,,610.5
NL,PBVO,HERAS3025,611,2014,7,4,6,8,57.667,1.417,0.5,38000,-70,,611
NL,PBVO,HERAS3026,611.5,2014,7,4,6,11,57.667,1.401,0.5,38000,-70,,611.5
NL,PBVO,HERAS3027,612,2014,7,4,6,14,57.667,1.386,0.5,38000,-70,,612
NL,PBVO,HERAS3028,612.5,2014,7,4,6,17,57.667,1.37,0.5,38000,-70,,612.5
NL,PBVO,HERAS3029,613,2014,7,4,6,20,57.667,1.355,0.5,38000,-70,,613
NL,PBVO,HERAS3030,613.5,2014,7,4,6,23,57.667,1.339,0.5,38000,-70,,613.5
NL,PBVO,HERAS3031,614,2014,7,4,6,26,57.668,1.324,0.5,38000,-70,,614
NL,PBVO,HERAS3032,614.5,2014,7,4,6,29,57.668,1.308,0.5,38000,-70,,614.5
NL,PBVO,HERAS3033,615,2014,7,4,6,32,57.668,1.293,0.5,38000,-70,,615
NL,PBVO,HERAS3034,615.5,2014,7,4,6,35,57.668,1.277,0.5,38000,-70,,615.5
NL,PBVO,HERAS3035,616,2014,7,4,6,38,57.669,1.262,0.5,38000,-70,,616
NL,PBVO,HERAS3036,616.5,2014,7,4,6,41,57.669,1.246,0.5,38000,-70,,616.5
NL,PBVO,HERAS3037,617,2014,7,4,6,43,57.67,1.231,0.5,38000,-70,,617
NL,PBVO,HERAS3038,617.5,2014,7,4,6,46,57.67,1.215,0.5,38000,-70,,617.5
NL,PBVO,HERAS3039,618,2014,7,4,6,49,57.67,1.2,0.5,38000,-70,,618
NL,PBVO,HERAS3040,618.5,2014,7,4,6,52,57.671,1.184,0.5,38000,-70,,618.5
NL,PBVO,HERAS3041,619,2014,7,4,6,55,57.671,1.169,0.5,38000,-70,,619
NL,PBVO,HERAS3042,619.5,2014,7,4,6,58,57.671,1.153,0.5,38000,-70,,619.5
NL,PBVO,HERAS3043,620,2014,7,4,7,1,57.671,1.138,0.5,38000,-70,,620
NL,PBVO,HERAS3044,620.5,2014,7,4,7,4,57.67,1.122,0.5,38000,-70,,620.5
NL,PBVO,HERAS3045,621,2014,7,4,7,7,57.67,1.107,0.5,38000,-70,,621
NL,PBVO,HERAS3046,621.5,2014,7,4,7,10,57.67,1.091,0.5,38000,-70,,621.5
NL,PBVO,HERAS3047,622,2014,7,4,7,13,57.669,1.075,0.5,38000,-70,,622
NL,PBVO,HERAS3048,622.5,2014,7,4,7,16,57.669,1.06,0.5,38000,-70,,622.5
NL,PBVO,HERAS3049,623,2014,7,4,7,19,57.669,1.044,0.5,38000,-70,,623
NL,PBVO,HERAS3050,623.5,2014,7,4,7,22,57.669,1.029,0.5,38000,-70,,623.5
NL,PBVO,HERAS3051,624,2014,7,4,7,25,57.668,1.014,0.5,38000,-70,,624
NL,PBVO,HERAS3052,624.5,2014,7,4,7,28,57.668,0.998,0.5,38000,-70,,624.5
NL,PBVO,HERAS3053,625,2014,7,4,7,31,57.668,0.982,0.5,38000,-70,,625
NL,PBVO,HERAS3054,625.5,2014,7,4,7,34,57.668,0.967,0.5,38000,-70,,625.5
NL,PBVO,HERAS3055,626,2014,7,4,7,37,57.668,0.951,0.5,38000,-70,,626
NL,PBVO,HERAS3056,626.5,2014,7,4,7,40,57.668,0.936,0.5,38000,-70,,626.5
NL,PBVO,HERAS3057,627,2014,7,4,7,44,57.668,0.92,0.5,38000,-70,,627
NL,PBVO,HERAS3058,627.5,2014,7,4,7,47,57.668,0.905,0.5,38000,-70,,627.5
NL,PBVO,HERAS3059,628,2014,7,4,7,50,57.668,0.889,0.5,38000,-70,,628
NL,PBVO,HERAS3060,628.5,2014,7,4,7,53,57.668,0.874,0.5,38000,-70,,628.5
NL,PBVO,HERAS3061,629,2014,7,4,7,56,57.668,0.858,0.5,38000,-70,,629
NL,PBVO,HERAS3062,629.5,2014,7,4,7,59,57.668,0.843,0.5,38000,-70,,629.5
NL,PBVO,HERAS3063,630,2014,7,4,8,3,57.669,0.827,0.5,38000,-70,,630
NL,PBVO,HERAS3064,630.5,2014,7,4,8,6,57.669,0.812,0.5,38000,-70,,630.5
NL,PBVO,HERAS3065,631,2014,7,4,8,8,57.669,0.796,0.5,38000,-70,,631
NL,PBVO,HERAS3066,631.5,2014,7,4,8,11,57.669,0.78,0.5,38000,-70,,631.5
NL,PBVO,HERAS3067,632,2014,7,4,8,14,57.669,0.765,0.5,38000,-70,,632
NL,PBVO,HERAS3068,632.5,2014,7,4,8,17,57.669,0.749,0.5,38000,-70,,632.5
NL,PBVO,HERAS3069,633,2014,7,4,8,20,57.669,0.734,0.5,38000,-70,,633
NL,PBVO,HERAS3070,633.5,2014,7,4,8,23,57.669,0.718,0.5,38000,-70,,633.5
NL,PBVO,HERAS3071,634,2014,7,4,8,26,57.67,0.703,0.5,38000,-70,,634
NL,PBVO,HERAS3072,634.5,2014,7,4,8,29,57.67,0.687,0.5,38000,-70,,634.5
NL,PBVO,HERAS3073,635,2014,7,4,8,32,57.67,0.672,0.5,38000,-70,,635
NL,PBVO,HERAS3074,635.5,2014,7,4,8,35,57.671,0.657,0.5,38000,-70,,635.5
NL,PBVO,HERAS3075,636,2014,7,4,8,38,57.671,0.641,0.5,38000,-70,,636
NL,PBVO,HERAS3076,636.5,2014,7,4,8,41,57.671,0.626,0.5,38000,-70,,636.5
NL,PBVO,HERAS3077,637,2014,7,4,8,44,57.671,0.61,0.5,38000,-70,,637
NL,PBVO,HERAS3078,637.5,2014,7,4,8,47,57.67,0.595,0.5,38000,-70,,637.5
NL,PBVO,HERAS3079,638,2014,7,4,8,50,57.67,0.579,0.5,38000,-70,,638
NL,PBVO,HERAS3080,638.5,2014,7,4,8,53,57.669,0.564,0.5,38000,-70,,638.5
NL,PBVO,HERAS3081,639,2014,7,4,8,55,57.669,0.549,0.5,38000,-70,,639
NL,PBVO,HERAS3082,639.5,2014,7,4,8,58,57.668,0.533,0.5,38000,-70,,639.5
NL,PBVO,HERAS3083,640,2014,7,4,9,1,57.668,0.518,0.5,38000,-70,,640
NL,PBVO,HERAS3084,640.5,2014,7,4,9,4,57.668,0.503,0.5,38000,-70,,640.5
NL,PBVO,HERAS3085,641,2014,7,4,9,7,57.668,0.487,0.5,38000,-70,,641
NL,PBVO,HERAS3086,657.5,2014,7,4,12,13,57.673,0.467,0.5,38000,-70,,657.5
NL,PBVO,HERAS3087,658,2014,7,4,12,16,57.673,0.452,0.5,38000,-70,,658
NL,PBVO,HERAS3088,658.5,2014,7,4,12,19,57.673,0.437,0.5,38000,-70,,658.5
NL,PBVO,HERAS3089,659,2014,7,4,12,22,57.673,0.421,0.5,38000,-70,,659
NL,PBVO,HERAS3090,659.5,2014,7,4,12,24,57.673,0.406,0.5,38000,-70,,659.5
NL,PBVO,HERAS3091,660,2014,7,4,12,27,57.672,0.391,0.5,38000,-70,,660
NL,PBVO,HERAS3092,660.5,2014,7,4,12,30,57.672,0.376,0.5,38000,-70,,660.5
NL,PBVO,HERAS3093,661,2014,7,4,12,33,57.672,0.361,0.5,38000,-70,,661
NL,PBVO,HERAS3094,661.5,2014,7,4,12,36,57.672,0.345,0.5,38000,-70,,661.5
NL,PBVO,HERAS3095,662,2014,7,4,12,39,57.672,0.33,0.5,38000,-70,,662
NL,PBVO,HERAS3096,662.5,2014,7,4,12,42,57.672,0.315,0.5,38000,-70,,662.5
NL,PBVO,HERAS3097,663,2014,7,4,12,45,57.672,0.299,0.5,38000,-70,,663
NL,PBVO,HERAS3098,663.5,2014,7,4,12,47,57.672,0.284,0.5,38000,-70,,663.5
NL,PBVO,HERAS3099,664,2014,7,4,12,50,57.672,0.269,0.5,38000,-70,,664
NL,PBVO,HERAS3100,664.5,2014,7,4,12,53,57.672,0.254,0.5,38000,-70,,664.5
NL,PBVO,HERAS3101,665,2014,7,4,12,56,57.671,0.238,0.5,38000,-70,,665
NL,PBVO,HERAS3102,665.5,2014,7,4,12,59,57.671,0.223,0.5,38000,-70,,665.5
NL,PBVO,HERAS3103,666,2014,7,4,13,2,57.671,0.208,0.5,38000,-70,,666
NL,PBVO,HERAS3104,666.5,2014,7,4,13,5,57.671,0.192,0.5,38000,-70,,666.5
NL,PBVO,HERAS3105,667,2014,7,4,13,8,57.671,0.177,0.5,38000,-70,,667
NL,PBVO,HERAS3106,667.5,2014,7,4,13,11,57.671,0.161,0.5,38000,-70,,667.5
NL,PBVO,HERAS3107,668,2014,7,4,13,14,57.67,0.146,0.5,38000,-70,,668
NL,PBVO,HERAS3108,668.5,2014,7,4,13,17,57.67,0.13,0.5,38000,-70,,668.5
NL,PBVO,HERAS3109,669,2014,7,4,13,20,57.67,0.115,0.5,38000,-70,,669
NL,PBVO,HERAS3110,669.5,2014,7,4,13,23,57.67,0.1,0.5,38000,-70,,669.5
NL,PBVO,HERAS3111,670,2014,7,4,13,25,57.669,0.084,0.5,38000,-70,,670
NL,PBVO,HERAS3112,670.5,2014,7,4,13,28,57.669,0.069,0.5,38000,-70,,670.5
NL,PBVO,HERAS3113,671,2014,7,4,13,31,57.669,0.053,0.5,38000,-70,,671
NL,PBVO,HERAS3114,671.5,2014,7,4,13,34,57.669,0.038,0.5,38000,-70,,671.5
NL,PBVO,HERAS3115,672,2014,7,4,13,37,57.668,0.023,0.5,38000,-70,,672
NL,PBVO,HERAS3116,672.5,2014,7,4,13,40,57.668,0.007,0.5,38000,-70,,672.5
NL,PBVO,HERAS3117,673,2014,7,4,13,43,57.668,-0.008,0.5,38000,-70,,673
NL,PBVO,HERAS3118,673.5,2014,7,4,13,46,57.667,-0.023,0.5,38000,-70,,673.5
NL,PBVO,HERAS3119,674,2014,7,4,13,48,57.667,-0.038,0.5,38000,-70,,674
NL,PBVO,HERAS3120,674.5,2014,7,4,13,51,57.667,-0.054,0.5,38000,-70,,674.5
NL,PBVO,HERAS3121,675,2014,7,4,13,54,57.667,-0.069,0.5,38000,-70,,675
NL,PBVO,HERAS3122,675.5,2014,7,4,13,57,57.666,-0.084,0.5,38000,-70,,675.5
NL,PBVO,HERAS3123,676,2014,7,4,14,0,57.666,-0.1,0.5,38000,-70,,676
NL,PBVO,HERAS3124,676.5,2014,7,4,14,3,57.666,-0.115,0.5,38000,-70,,676.5
NL,PBVO,HERAS3125,677,2014,7,4,14,6,57.666,-0.131,0.5,38000,-70,,677
NL,PBVO,HERAS3126,677.5,2014,7,4,14,9,57.666,-0.146,0.5,38000,-70,,677.5
NL,PBVO,HERAS3127,678,2014,7,4,14,12,57.666,-0.161,0.5,38000,-70,,678
NL,PBVO,HERAS3128,678.5,2014,7,4,14,15,57.666,-0.176,0.5,38000,-70,,678.5
NL,PBVO,HERAS3129,685.5,2014,7,4,15,56,57.674,-0.197,0.5,38000,-70,,685.5
NL,PBVO,HERAS3130,686,2014,7,4,15,59,57.672,-0.212,0.5,38000,-70,,686
NL,PBVO,HERAS3131,686.5,2014,7,4,16,2,57.671,-0.228,0.5,38000,-70,,686.5
NL,PBVO,HERAS3132,687,2014,7,4,16,4,57.67,-0.243,0.5,38000,-70,,687
NL,PBVO,HERAS3133,687.5,2014,7,4,16,7,57.67,-0.259,0.5,38000,-70,,687.5
NL,PBVO,HERAS3134,688,2014,7,4,16,10,57.67,-0.274,0.5,38000,-70,,688
NL,PBVO,HERAS3135,688.5,2014,7,4,16,13,57.67,-0.289,0.5,38000,-70,,688.5
NL,PBVO,HERAS3136,689,2014,7,4,16,16,57.67,-0.305,0.5,38000,-70,,689
NL,PBVO,HERAS3137,689.5,2014,7,4,16,19,57.67,-0.32,0.5,38000,-70,,689.5
NL,PBVO,HERAS3138,690,2014,7,4,16,21,57.67,-0.335,0.5,38000,-70,,690
NL,PBVO,HERAS3139,690.5,2014,7,4,16,24,57.67,-0.35,0.5,38000,-70,,690.5
NL,PBVO,HERAS3140,691,2014,7,4,16,27,57.67,-0.366,0.5,38000,-70,,691
NL,PBVO,HERAS3141,691.5,2014,7,4,16,30,57.669,-0.381,0.5,38000,-70,,691.5
NL,PBVO,HERAS3142,692,2014,7,4,16,33,57.669,-0.397,0.5,38000,-70,,692
NL,PBVO,HERAS3143,692.5,2014,7,4,16,36,57.669,-0.412,0.5,38000,-70,,692.5
NL,PBVO,HERAS3144,693,2014,7,4,16,39,57.669,-0.427,0.5,38000,-70,,693
NL,PBVO,HERAS3145,693.5,2014,7,4,16,41,57.669,-0.443,0.5,38000,-70,,693.5
NL,PBVO,HERAS3146,694,2014,7,4,16,44,57.669,-0.458,0.5,38000,-70,,694
NL,PBVO,HERAS3147,694.5,2014,7,4,16,47,57.669,-0.473,0.5,38000,-70,,694.5
NL,PBVO,HERAS3148,695.5,2014,7,4,17,1,57.664,-0.497,0.5,38000,-70,,695.5
NL,PBVO,HERAS3149,696,2014,7,4,17,5,57.663,-0.513,0.5,38000,-70,,696
NL,PBVO,HERAS3150,696.5,2014,7,4,17,10,57.662,-0.528,0.5,38000,-70,,696.5
NL,PBVO,HERAS3151,697,2014,7,4,17,19,57.661,-0.543,0.5,38000,-70,,697
NL,PBVO,HERAS3152,697.5,2014,7,4,17,24,57.658,-0.557,0.5,38000,-70,,697.5
NL,PBVO,HERAS3153,698,2014,7,4,17,27,57.658,-0.573,0.5,38000,-70,,698
NL,PBVO,HERAS3154,698.5,2014,7,4,17,30,57.659,-0.588,0.5,38000,-70,,698.5
NL,PBVO,HERAS3155,699,2014,7,4,17,33,57.659,-0.603,0.5,38000,-70,,699
NL,PBVO,HERAS3156,699.5,2014,7,4,17,36,57.66,-0.619,0.5,38000,-70,,699.5
NL,PBVO,HERAS3157,700,2014,7,4,17,39,57.66,-0.634,0.5,38000,-70,,700
NL,PBVO,HERAS3158,700.5,2014,7,4,17,42,57.661,-0.649,0.5,38000,-70,,700.5
NL,PBVO,HERAS3159,701,2014,7,4,17,45,57.661,-0.664,0.5,38000,-70,,701
NL,PBVO,HERAS3160,701.5,2014,7,4,17,48,57.662,-0.68,0.5,38000,-70,,701.5
NL,PBVO,HERAS3161,702,2014,7,4,17,51,57.662,-0.695,0.5,38000,-70,,702
NL,PBVO,HERAS3162,702.5,2014,7,4,17,54,57.662,-0.71,0.5,38000,-70,,702.5
NL,PBVO,HERAS3163,703,2014,7,4,17,57,57.662,-0.725,0.5,38000,-70,,703
NL,PBVO,HERAS3164,703.5,2014,7,4,18,0,57.662,-0.741,0.5,38000,-70,,703.5
NL,PBVO,HERAS3165,704,2014,7,4,18,3,57.663,-0.756,0.5,38000,-70,,704
NL,PBVO,HERAS3166,704.5,2014,7,4,18,6,57.663,-0.772,0.5,38000,-70,,704.5
NL,PBVO,HERAS3167,705,2014,7,4,18,9,57.663,-0.787,0.5,38000,-70,,705
NL,PBVO,HERAS3168,705.5,2014,7,4,18,12,57.664,-0.802,0.5,38000,-70,,705.5
NL,PBVO,HERAS3169,706,2014,7,4,18,14,57.664,-0.817,0.5,38000,-70,,706
NL,PBVO,HERAS3170,706.5,2014,7,4,18,17,57.664,-0.833,0.5,38000,-70,,706.5
NL,PBVO,HERAS3171,707,2014,7,4,18,20,57.664,-0.848,0.5,38000,-70,,707
NL,PBVO,HERAS3172,707.5,2014,7,4,18,23,57.665,-0.863,0.5,38000,-70,,707.5
NL,PBVO,HERAS3173,708,2014,7,4,18,26,57.665,-0.879,0.5,38000,-70,,708
NL,PBVO,HERAS3174,708.5,2014,7,4,18,28,57.665,-0.894,0.5,38000,-70,,708.5
NL,PBVO,HERAS3175,709,2014,7,4,18,31,57.665,-0.909,0.5,38000,-70,,709
NL,PBVO,HERAS3176,709.5,2014,7,4,18,34,57.665,-0.925,0.5,38000,-70,,709.5
NL,PBVO,HERAS3177,710,2014,7,4,18,37,57.666,-0.94,0.5,38000,-70,,710
NL,PBVO,HERAS3178,710.5,2014,7,4,18,39,57.666,-0.956,0.5,38000,-70,,710.5
NL,PBVO,HERAS3179,711,2014,7,4,18,42,57.666,-0.971,0.5,38000,-70,,711
NL,PBVO,HERAS3180,711.5,2014,7,4,18,45,57.666,-0.987,0.5,38000,-70,,711.5
NL,PBVO,HERAS3181,712,2014,7,4,18,48,57.666,-1.002,0.5,38000,-70,,712
NL,PBVO,HERAS3182,712.5,2014,7,4,18,51,57.666,-1.018,0.5,38000,-70,,712.5
NL,PBVO,HERAS3183,713,2014,7,4,18,53,57.667,-1.033,0.5,38000,-70,,713
NL,PBVO,HERAS3184,713.5,2014,7,4,18,56,57.667,-1.049,0.5,38000,-70,,713.5
NL,PBVO,HERAS3185,714,2014,7,4,18,59,57.667,-1.064,0.5,38000,-70,,714
NL,PBVO,HERAS3186,714.5,2014,7,4,19,2,57.667,-1.079,0.5,38000,-70,,714.5
NL,PBVO,HERAS3187,715,2014,7,4,19,5,57.667,-1.095,0.5,38000,-70,,715
NL,PBVO,HERAS3188,715.5,2014,7,4,19,8,57.667,-1.11,0.5,38000,-70,,715.5
NL,PBVO,HERAS3189,716,2014,7,4,19,11,57.667,-1.126,0.5,38000,-70,,716
NL,PBVO,HERAS3190,716.5,2014,7,4,19,14,57.667,-1.141,0.5,38000,-70,,716.5
NL,PBVO,HERAS3191,717,2014,7,4,19,17,57.667,-1.157,0.5,38000,-70,,717
NL,PBVO,HERAS3192,717.5,2014,7,4,19,20,57.667,-1.172,0.5,38000,-70,,717.5
NL,PBVO,HERAS3193,718,2014,7,4,19,22,57.667,-1.187,0.5,38000,-70,,718
NL,PBVO,HERAS3194,718.5,2014,7,4,19,25,57.667,-1.203,0.5,38000,-70,,718.5
NL,PBVO,HERAS3195,719,2014,7,4,19,28,57.667,-1.218,0.5,38000,-70,,719
NL,PBVO,HERAS3196,719.5,2014,7,4,19,31,57.667,-1.234,0.5,38000,-70,,719.5
NL,PBVO,HERAS3197,720,2014,7,4,19,34,57.667,-1.249,0.5,38000,-70,,720
NL,PBVO,HERAS3198,720.5,2014,7,4,19,37,57.667,-1.265,0.5,38000,-70,,720.5
NL,PBVO,HERAS3199,721,2014,7,4,19,39,57.667,-1.28,0.5,38000,-70,,721
NL,PBVO,HERAS3200,721.5,2014,7,4,19,42,57.667,-1.295,0.5,38000,-70,,721.5
NL,PBVO,HERAS3201,722,2014,7,4,19,45,57.667,-1.311,0.5,38000,-70,,722
NL,PBVO,HERAS3202,722.5,2014,7,4,19,48,57.666,-1.327,0.5,38000,-70,,722.5
NL,PBVO,HERAS3203,723,2014,7,4,19,51,57.666,-1.342,0.5,38000,-70,,723
NL,PBVO,HERAS3204,723.5,2014,7,4,19,53,57.666,-1.358,0.5,38000,-70,,723.5
NL,PBVO,HERAS3205,724,2014,7,4,19,56,57.666,-1.373,0.5,38000,-70,,724
NL,PBVO,HERAS3206,724.5,2014,7,4,19,59,57.666,-1.388,0.5,38000,-70,,724.5
NL,PBVO,HERAS3207,725,2014,7,4,20,2,57.666,-1.404,0.5,38000,-70,,725
NL,PBVO,HERAS3208,725.5,2014,7,4,20,5,57.666,-1.419,0.5,38000,-70,,725.5
NL,PBVO,HERAS3209,726,2014,7,4,20,7,57.666,-1.435,0.5,38000,-70,,726
NL,PBVO,HERAS3210,726.5,2014,7,4,20,10,57.666,-1.45,0.5,38000,-70,,726.5
NL,PBVO,HERAS3211,727,2014,7,4,20,13,57.667,-1.466,0.5,38000,-70,,727
NL,PBVO,HERAS3212,727.5,2014,7,4,20,16,57.667,-1.481,0.5,38000,-70,,727.5
NL,PBVO,HERAS3213,728,2014,7,4,20,19,57.667,-1.497,0.5,38000,-70,,728
NL,PBVO,HERAS3214,728.5,2014,7,4,20,21,57.668,-1.512,0.5,38000,-70,,728.5
NL,PBVO,HERAS3215,729,2014,7,4,20,24,57.668,-1.527,0.5,38000,-70,,729
NL,PBVO,HERAS3216,729.5,2014,7,4,20,27,57.667,-1.543,0.5,38000,-70,,729.5
NL,PBVO,HERAS3217,730,2014,7,4,20,30,57.667,-1.558,0.5,38000,-70,,730
NL,PBVO,HERAS3218,730.5,2014,7,4,20,32,57.667,-1.574,0.5,38000,-70,,730.5
